timestamp,v_bus,i_inc,p_total,i_f_1,i_f_2,i_f_3
2024-01-01 00:00:00,35.2,1965.0,107.81907840000002,326.0,125.0,316.0
2024-01-01 01:00:00,34.3,2026.0,108.32381784,341.0,131.0,339.0
2024-01-01 02:00:00,34.5,2026.0,108.9554436,344.0,131.0,341.0
2024-01-01 03:00:00,34.7,2000.0,108.18072000000001,332.0,128.0,334.0
2024-01-01 04:00:00,34.8,1919.0,104.09853455999999,319.0,122.0,316.0
2024-01-01 05:00:00,34.9,1800.0,97.92381600000002,300.0,114.0,303.0
2024-01-01 06:00:00,34.7,1703.0,92.11588308,275.0,105.0,279.0
2024-01-01 07:00:00,34.8,1659.0,89.99451216,278.0,105.0,279.0
2024-01-01 08:00:00,34.7,1822.0,98.55263592,293.0,112.0,301.0
2024-01-01 09:00:00,34.5,1929.0,103.7389194,313.0,121.0,320.0
2024-01-01 10:00:00,33.9,2094.0,110.65391208,341.0,131.0,354.0
2024-01-01 11:00:00,34.4,2203.0,118.13085215999999,353.0,138.0,360.0
2024-01-01 12:00:00,34.3,2277.0,121.74399468,370.0,144.0,386.0
2024-01-01 13:00:00,34.3,2289.0,122.38559676,367.0,145.0,388.0
2024-01-01 14:00:00,34.4,2274.0,121.93806527999999,370.0,144.0,374.0
2024-01-01 15:00:00,34.4,2230.0,119.5786656,359.0,141.0,368.0
2024-01-01 16:00:00,34.5,2192.0,117.88269120000001,353.0,138.0,355.0
2024-01-01 17:00:00,34.6,2242.0,120.92110416,362.0,143.0,359.0
2024-01-01 18:00:00,34.6,2467.0,133.05636216,399.0,156.0,392.0
2024-01-01 19:00:00,34.3,2531.0,135.32457204000002,412.0,161.0,392.0
2024-01-01 20:00:00,34.3,2565.0,137.1424446,419.0,163.0,398.0
2024-01-01 21:00:00,34.5,2517.0,135.3607362,409.0,158.0,403.0
2024-01-01 22:00:00,34.7,2443.0,132.14274948000002,397.0,155.0,391.0
2024-01-01 23:00:00,34.9,2362.0,128.49780744,382.0,145.0,375.0
2024-01-02 00:00:00,35.0,2283.0,124.55591400000003,367.0,144.0,359.0
2024-01-02 01:00:00,34.7,2189.0,118.40379804,353.0,136.0,351.0
2024-01-02 02:00:00,34.8,2133.0,115.70722992,344.0,131.0,337.0
2024-01-02 03:00:00,35.0,2086.0,113.80798800000002,332.0,128.0,330.0
2024-01-02 04:00:00,35.1,1972.0,107.89577136,314.0,121.0,316.0
2024-01-02 05:00:00,35.2,1854.0,101.72853504,298.0,115.0,302.0
2024-01-02 06:00:00,35.3,1738.0,95.63456231999999,282.0,109.0,289.0
2024-01-02 07:00:00,34.7,1861.0,100.66215996000001,293.0,119.0,291.0
2024-01-02 08:00:00,34.5,1953.0,105.02960580000001,310.0,128.0,307.0
2024-01-02 09:00:00,34.3,2050.0,109.607022,326.0,135.0,323.0
2024-01-02 10:00:00,34.0,2119.0,112.30530480000002,338.0,143.0,336.0
2024-01-02 11:00:00,34.5,2176.0,117.0222336,356.0,150.0,357.0
2024-01-02 12:00:00,34.2,2310.0,123.14831760000001,359.0,150.0,362.0
2024-01-02 13:00:00,34.1,2374.0,126.19015991999999,364.0,156.0,377.0
2024-01-02 14:00:00,34.1,2341.0,124.43604227999998,361.0,150.0,375.0
2024-01-02 15:00:00,34.1,2353.0,125.07390323999999,367.0,156.0,374.0
2024-01-02 16:00:00,34.4,2337.0,125.31629664,364.0,156.0,360.0
2024-01-02 17:00:00,34.7,2403.0,129.97913508,370.0,156.0,367.0
2024-01-02 18:00:00,34.5,2617.0,140.73859620000002,414.0,181.0,408.0
2024-01-02 19:00:00,34.1,2746.0,145.96384968,438.0,186.0,429.0
2024-01-02 20:00:00,34.2,2555.0,136.2095028,417.0,181.0,407.0
2024-01-02 21:00:00,34.4,2488.0,133.41332736,404.0,163.0,386.0
2024-01-02 22:00:00,34.6,2431.0,131.11472088,391.0,156.0,361.0
2024-01-02 23:00:00,34.8,2372.0,128.67208128,373.0,151.0,345.0
2024-01-03 00:00:00,35.1,2339.0,127.97576532,356.0,150.0,344.0
2024-01-03 01:00:00,33.8,2283.0,120.28542551999999,362.0,150.0,349.0
2024-01-03 02:00:00,34.2,2195.0,117.01755719999998,345.0,142.0,321.0
2024-01-03 03:00:00,34.4,2163.0,115.98594336,331.0,131.0,306.0
2024-01-03 04:00:00,34.5,2086.0,112.1821596,319.0,122.0,299.0
2024-01-03 05:00:00,34.5,1946.0,104.65315559999999,303.0,119.0,291.0
2024-01-03 06:00:00,34.3,1808.0,96.66804672,278.0,110.0,275.0
2024-01-03 07:00:00,34.1,1857.0,98.70898355999998,289.0,119.0,275.0
2024-01-03 08:00:00,33.8,1854.0,97.68251375999999,293.0,119.0,291.0
2024-01-03 09:00:00,33.4,1999.0,104.07577608,338.0,135.0,311.0
2024-01-03 10:00:00,33.3,2064.0,107.13819456,347.0,135.0,327.0
2024-01-03 11:00:00,33.2,2087.0,108.00675792000001,356.0,143.0,341.0
2024-01-03 12:00:00,33.1,2134.0,110.10646152000001,364.0,150.0,346.0
2024-01-03 13:00:00,33.5,2339.0,122.14211220000001,370.0,150.0,355.0
2024-01-03 14:00:00,33.6,2301.0,120.51643968000002,373.0,156.0,362.0
2024-01-03 15:00:00,34.0,2342.0,124.12412640000001,364.0,156.0,355.0
2024-01-03 16:00:00,34.5,2295.0,123.421887,353.0,150.0,351.0
2024-01-03 17:00:00,34.8,2325.0,126.12250800000001,353.0,150.0,349.0
2024-01-03 18:00:00,34.3,2623.0,140.24352131999999,409.0,175.0,398.0
2024-01-03 19:00:00,34.8,2805.0,152.1607032,436.0,186.0,422.0
2024-01-03 20:00:00,34.0,2845.0,150.782724,445.0,191.0,426.0
2024-01-03 21:00:00,34.4,2692.0,144.35236224,391.0,188.0,401.0
2024-01-03 22:00:00,34.5,2627.0,141.2763822,355.0,175.0,391.0
2024-01-04 00:00:00,35.0,2433.0,132.73961400000002,386.0,159.0,361.0
2024-01-04 01:00:00,35.1,2326.0,127.26448488,375.0,151.0,345.0
2024-01-04 02:00:00,35.4,2231.0,123.10997112000001,329.0,143.0,330.0
2024-01-04 03:00:00,35.2,2149.0,117.91511424000001,323.0,139.0,325.0
2024-01-04 04:00:00,35.2,2078.0,114.01936128000001,316.0,131.0,315.0
2024-01-04 05:00:00,34.6,1965.0,105.9812532,303.0,126.0,302.0
2024-01-04 06:00:00,34.5,1829.0,98.36105939999999,271.0,119.0,279.0
2024-01-04 07:00:00,34.4,1845.0,98.9339184,293.0,119.0,275.0
2024-01-04 08:00:00,34.7,1917.0,103.69122012,235.0,101.0,287.0
2024-01-04 09:00:00,34.4,2018.0,108.21064896,296.0,119.0,303.0
2024-01-04 10:00:00,34.1,2027.0,107.74534716,316.0,128.0,316.0
2024-01-04 11:00:00,34.5,2093.0,112.5586098,271.0,119.0,330.0
2024-01-04 12:00:00,34.5,2192.0,117.88269120000001,326.0,143.0,336.0
2024-01-04 13:00:00,34.4,2215.0,118.7743248,353.0,150.0,347.0
2024-01-04 14:00:00,34.0,2298.0,121.79216160000001,362.0,150.0,352.0
2024-01-04 15:00:00,34.3,2290.0,122.4390636,359.0,150.0,351.0
2024-01-04 16:00:00,34.4,2254.0,120.86561087999999,332.0,150.0,351.0
2024-01-04 17:00:00,34.5,2361.0,126.97127460000002,381.0,163.0,346.0
2024-01-04 18:00:00,34.6,2179.0,117.52323192,378.0,163.0,377.0
2024-01-04 19:00:00,34.3,2493.0,133.29283211999999,397.0,175.0,397.0
2024-01-04 20:00:00,34.2,2611.0,139.19491656,404.0,181.0,400.0
2024-01-04 21:00:00,34.3,2601.0,139.06725084,399.0,181.0,400.0
2024-01-04 22:00:00,34.4,2560.0,137.2741632,378.0,172.0,389.0
2024-01-04 23:00:00,34.5,2523.0,135.6834078,368.0,169.0,376.0
2024-01-05 00:00:00,33.9,2149.0,113.56029468,497.0,183.0,320.0
2024-01-05 01:00:00,34.0,2087.0,110.6093304,479.0,175.0,309.0
2024-01-05 02:00:00,35.2,2132.0,116.98232832000002,325.0,142.0,332.0
2024-01-05 03:00:00,34.6,1949.0,105.11830151999999,443.0,162.0,281.0
2024-01-05 04:00:00,34.4,1910.0,102.4193952,431.0,157.0,279.0
2024-01-05 05:00:00,34.2,1871.0,99.74480616,422.0,154.0,277.0
2024-01-05 06:00:00,34.7,1562.0,84.48914232000001,373.0,137.0,237.0
2024-01-05 07:00:00,34.0,1636.0,86.70669120000001,373.0,138.0,237.0
2024-01-05 08:00:00,34.5,1904.0,102.39445440000001,289.0,118.0,281.0
2024-01-05 09:00:00,33.8,1753.0,92.36108232,402.0,151.0,249.0
2024-01-05 10:00:00,34.5,1839.0,98.8988454,335.0,135.0,325.0
2024-01-05 11:00:00,34.6,1851.0,99.83272248,431.0,164.0,271.0
2024-01-05 12:00:00,34.3,1890.0,101.0523276,338.0,140.0,341.0
2024-01-05 13:00:00,34.3,1923.0,102.81673332,350.0,142.0,347.0
2024-01-05 14:00:00,34.5,1897.0,102.01800420000001,346.0,139.0,336.0
2024-01-05 15:00:00,34.7,1857.0,100.44579852000001,335.0,136.0,327.0
2024-01-05 16:00:00,35.3,1852.0,101.90748528,329.0,136.0,323.0
2024-01-05 17:00:00,35.3,2274.0,125.12830535999998,489.0,189.0,327.0
2024-01-05 18:00:00,34.3,2583.0,138.10484772,572.0,218.0,382.0
2024-01-05 19:00:00,34.0,2582.0,136.84393440000002,412.0,158.0,401.0
2024-01-05 20:00:00,34.0,2747.0,145.58880240000002,613.0,234.0,404.0
2024-01-05 21:00:00,34.1,2810.0,149.3657748,595.0,230.0,400.0
2024-01-05 22:00:00,35.0,2415.0,131.75757000000002,383.0,147.0,380.0
2024-01-05 23:00:00,34.9,2488.0,135.35247456000002,519.0,202.0,349.0
2024-01-06 00:00:00,35.2,2241.0,122.96313216000001,353.0,134.0,249.0
2024-01-06 01:00:00,35.2,2202.0,120.82321152,344.0,132.0,226.0
2024-01-06 02:00:00,35.3,2127.0,117.03953628,326.0,127.0,310.0
2024-01-06 03:00:00,35.5,2049.0,113.38633259999999,309.0,125.0,303.0
2024-01-06 04:00:00,35.5,2050.0,113.44166999999999,297.0,117.0,290.0
2024-01-06 05:00:00,35.4,1958.0,108.04541616,293.0,111.0,285.0
2024-01-06 06:00:00,35.4,1833.0,101.14772616,271.0,102.0,265.0
2024-01-06 07:00:00,35.1,1854.0,101.43953352,282.0,107.0,271.0
2024-01-06 08:00:00,34.3,1995.0,106.66634580000002,310.0,117.0,297.0
2024-01-06 09:00:00,34.0,2087.0,110.6093304,332.0,127.0,306.0
2024-01-06 10:00:00,34.7,2131.0,115.26655716,335.0,133.0,325.0
2024-01-06 11:00:00,34.5,2145.0,115.355097,350.0,140.0,341.0
2024-01-06 12:00:00,34.3,2173.0,116.18344332000001,364.0,144.0,357.0
2024-01-06 13:00:00,34.1,2197.0,116.78171075999998,373.0,147.0,362.0
2024-01-06 14:00:00,34.1,2330.0,123.85133639999998,362.0,149.0,365.0
2024-01-06 15:00:00,34.5,2292.0,123.26055120000001,357.0,144.0,350.0
2024-01-06 16:00:00,34.7,2261.0,122.29830396,350.0,140.0,341.0
2024-01-06 17:00:00,34.7,2388.0,129.16777968000002,367.0,146.0,359.0
2024-01-06 18:00:00,34.2,2634.0,140.42106864,404.0,161.0,403.0
2024-01-06 19:00:00,34.0,2751.0,145.8007992,424.0,167.0,414.0
2024-01-06 20:00:00,33.9,2792.0,147.53854944,429.0,170.0,425.0
2024-01-06 21:00:00,34.2,2734.0,145.75216464,414.0,164.0,416.0
2024-01-06 22:00:00,34.3,2640.0,141.1524576,407.0,159.0,405.0
2024-01-06 23:00:00,34.5,2491.0,133.96249260000002,383.0,148.0,379.0
2024-01-07 00:00:00,34.7,2373.0,128.35642428,367.0,143.0,363.0
2024-01-07 01:00:00,34.8,2339.0,126.88195536,359.0,139.0,352.0
2024-01-07 02:00:00,35.0,2254.0,122.97373200000001,350.0,137.0,343.0
2024-01-07 03:00:00,35.3,2191.0,120.56117723999998,343.0,135.0,338.0
2024-01-07 04:00:00,35.5,2121.0,117.3706254,324.0,129.0,321.0
2024-01-07 05:00:00,35.5,2053.0,113.6076822,316.0,118.0,309.0
2024-01-07 06:00:00,35.3,1962.0,107.96030567999999,293.0,114.0,287.0
2024-01-07 07:00:00,35.3,2008.0,110.49148512,297.0,118.0,289.0
2024-01-07 08:00:00,35.1,2041.0,111.67102908000001,308.0,122.0,295.0
2024-01-07 09:00:00,34.5,2075.0,111.59059500000001,319.0,125.0,307.0
2024-01-07 10:00:00,34.3,2108.0,112.70809872000001,327.0,129.0,316.0
2024-01-07 11:00:00,34.2,2141.0,114.13876535999998,341.0,136.0,327.0
2024-01-07 12:00:00,34.3,2290.0,122.4390636,362.0,145.0,359.0
2024-01-07 13:00:00,34.5,2411.0,129.66020460000001,373.0,154.0,371.0
2024-01-07 14:00:00,34.7,2419.0,130.84458084,375.0,152.0,380.0
2024-01-07 15:00:00,34.9,2400.0,130.565088,370.0,150.0,371.0
2024-01-07 16:00:00,35.1,2359.0,129.07004292,364.0,149.0,363.0
2024-01-07 17:00:00,34.4,2403.0,128.85539616,383.0,152.0,377.0
2024-01-07 18:00:00,34.6,2590.0,139.69030320000002,409.0,162.0,401.0
2024-01-07 19:00:00,34.4,2681.0,143.76251231999998,429.0,169.0,419.0
2024-01-07 20:00:00,34.3,2700.0,144.36046800000003,434.0,171.0,427.0
2024-01-07 21:00:00,34.5,2650.0,142.51329,424.0,168.0,417.0
2024-01-07 22:00:00,34.6,2530.0,136.4542344,404.0,159.0,400.0
2024-01-07 23:00:00,34.9,2348.0,127.73617776,316.0,124.0,382.0
2024-01-08 00:00:00,35.0,2330.0,127.12014000000002,364.0,144.0,367.0
2024-01-08 01:00:00,35.2,2241.0,122.96313216,347.0,137.0,352.0
2024-01-08 02:00:00,35.5,2155.0,119.25209699999999,335.0,130.0,336.0
2024-01-08 03:00:00,35.1,2072.0,113.36715936000002,323.0,124.0,320.0
2024-01-08 04:00:00,35.1,2040.0,111.6163152,316.0,122.0,316.0
2024-01-08 05:00:00,35.2,2036.0,111.71483136,296.0,117.0,298.0
2024-01-08 06:00:00,35.3,1850.0,101.79743399999998,271.0,106.0,279.0
2024-01-08 07:00:00,35.0,1866.0,101.80522800000001,282.0,109.0,281.0
2024-01-08 08:00:00,34.5,2055.0,110.515023,310.0,124.0,303.0
2024-01-08 09:00:00,34.0,2147.0,113.7892824,329.0,133.0,312.0
2024-01-08 10:00:00,34.8,1791.0,97.15501584,344.0,137.0,336.0
2024-01-08 11:00:00,34.7,1518.0,82.10916648,353.0,141.0,349.0
2024-01-08 12:00:00,34.6,1879.0,101.34288792000001,364.0,148.0,367.0
2024-01-08 13:00:00,34.5,1920.0,103.254912,375.0,151.0,373.0
2024-01-08 14:00:00,34.2,1998.0,106.51529808,375.0,149.0,367.0
2024-01-08 15:00:00,35.5,1922.0,106.35848279999999,326.0,132.0,318.0
2024-01-08 16:00:00,34.9,2299.0,125.07047388000002,383.0,149.0,321.0
2024-01-08 17:00:00,34.8,2522.0,136.80901728,414.0,164.0,346.0
2024-01-08 18:00:00,34.7,2619.0,141.66265284000002,441.0,174.0,365.0
2024-01-08 19:00:00,34.8,2770.0,150.2620848,479.0,180.0,380.0
2024-01-08 20:00:00,34.6,2836.0,152.95818528,461.0,182.0,385.0
2024-01-08 21:00:00,34.2,2787.0,148.57764551999998,452.0,178.0,377.0
2024-01-08 22:00:00,35.0,2625.0,143.21475000000004,426.0,166.0,355.0
2024-01-08 23:00:00,35.3,2504.0,137.78420255999998,402.0,160.0,341.0
2024-01-09 00:00:00,35.4,2366.0,130.55947632000002,389.0,154.0,320.0
2024-01-09 01:00:00,34.3,2323.0,124.20346932000001,382.0,151.0,312.0
2024-01-09 02:00:00,34.1,2273.0,120.82149683999998,376.0,147.0,305.0
2024-01-09 03:00:00,34.2,2206.0,117.60397775999999,369.0,143.0,292.0
2024-01-09 04:00:00,34.2,2157.0,114.99174072,362.0,135.0,281.0
2024-01-09 05:00:00,34.3,2020.0,108.00301680000001,331.0,124.0,260.0
2024-01-09 06:00:00,34.5,1820.0,97.87705199999999,306.0,116.0,249.0
2024-01-09 07:00:00,33.7,1925.0,101.123253,326.0,127.0,258.0
2024-01-09 08:00:00,34.5,2028.0,109.0630008,341.0,135.0,271.0
2024-01-09 09:00:00,34.2,1348.0,71.86317408,344.0,121.0,237.0
2024-01-09 10:00:00,34.2,1355.0,72.2363508,375.0,128.0,136.0
2024-01-09 11:00:00,34.1,1389.0,73.83240611999999,323.0,110.0,179.0
2024-01-09 12:00:00,33.9,1571.0,83.01685572,485.0,170.0,183.0
2024-01-09 13:00:00,33.8,1579.0,83.19346775999999,474.0,165.0,187.0
2024-01-09 14:00:00,33.8,1592.0,83.87840448,483.0,169.0,185.0
2024-01-09 15:00:00,34.1,1543.0,82.01828843999999,472.0,163.0,181.0
2024-01-09 16:00:00,34.3,1943.0,103.88607012,450.0,165.0,309.0
2024-01-09 17:00:00,34.1,2360.0,125.44598879999998,470.0,182.0,314.0
2024-01-09 18:00:00,34.0,2485.0,131.703012,493.0,191.0,370.0
2024-01-09 19:00:00,33.9,2721.0,143.78667372,507.0,198.0,389.0
2024-01-09 20:00:00,34.1,2769.0,147.18641651999997,515.0,202.0,391.0
2024-01-09 21:00:00,33.9,2655.0,140.2990146,507.0,194.0,370.0
2024-01-09 22:00:00,34.0,2514.0,133.2399888,481.0,181.0,347.0
2024-01-09 23:00:00,34.1,2388.0,126.93433103999999,454.0,173.0,336.0
2024-01-10 00:00:00,34.2,2215.0,118.0837764,417.0,159.0,299.0
2024-01-10 01:00:00,33.9,2231.0,117.89344692,412.0,157.0,295.0
2024-01-10 02:00:00,34.0,2180.0,115.53825600000002,395.0,152.0,283.0
2024-01-10 03:00:00,34.2,2133.0,113.71227768,387.0,148.0,271.0
2024-01-10 04:00:00,34.4,2084.0,111.74974848,381.0,144.0,262.0
2024-01-10 05:00:00,34.5,1915.0,102.986019,352.0,136.0,251.0
2024-01-10 06:00:00,34.6,1746.0,94.16960208,323.0,128.0,239.0
2024-01-10 07:00:00,34.1,1778.0,94.50973223999998,350.0,134.0,239.0
2024-01-10 08:00:00,34.0,1901.0,100.7514792,381.0,149.0,258.0
2024-01-10 09:00:00,34.0,1952.0,103.45443840000002,394.0,157.0,263.0
2024-01-10 19:00:00,35.6,649.0,36.015138719999996,344.0,128.0,259.0
2024-01-10 20:00:00,33.6,874.0,45.77634432000001,461.0,176.0,287.0
2024-01-10 21:00:00,33.3,2842.0,147.52264968,600.0,232.0,407.0
2024-01-10 22:00:00,33.3,2809.0,145.80968435999998,579.0,221.0,418.0
2024-01-10 23:00:00,33.7,2535.0,133.1675046,527.0,199.0,370.0
2024-01-11 00:00:00,33.7,2479.0,130.22573724,521.0,198.0,362.0
2024-01-11 01:00:00,33.8,2417.0,127.34554247999999,492.0,198.0,349.0
2024-01-11 02:00:00,33.9,2353.0,124.34033195999999,463.0,184.0,336.0
2024-01-11 03:00:00,34.0,2292.0,121.4741664,435.0,170.0,324.0
2024-01-11 04:00:00,34.0,2231.0,118.2412152,407.0,156.0,312.0
2024-01-11 05:00:00,34.1,2203.0,117.10064123999999,409.0,155.0,312.0
2024-01-11 06:00:00,34.8,1912.0,103.71881088,344.0,132.0,279.0
2024-01-11 07:00:00,34.8,1939.0,105.18345936,362.0,140.0,279.0
2024-01-11 08:00:00,33.9,2050.0,108.32880599999999,391.0,163.0,291.0
2024-01-11 09:00:00,34.2,2114.0,112.69936943999998,404.0,163.0,311.0
2024-01-11 10:00:00,34.0,2056.0,108.96635520000001,417.0,169.0,316.0
2024-01-11 11:00:00,33.7,2176.0,114.30867456000001,436.0,175.0,323.0
2024-01-11 12:00:00,33.5,2212.0,115.51019760000001,443.0,175.0,332.0
2024-01-11 13:00:00,33.4,2287.0,119.07018504000001,445.0,181.0,341.0
2024-01-11 14:00:00,33.9,2351.0,124.23464532,487.0,197.0,342.0
2024-01-11 15:00:00,33.8,2361.0,124.39504584,491.0,197.0,346.0
2024-01-11 16:00:00,34.1,2398.0,127.46588183999998,499.0,202.0,347.0
2024-01-11 17:00:00,34.1,2458.0,130.65518663999998,501.0,212.0,357.0
2024-01-11 18:00:00,33.9,2760.0,145.8475632,577.0,243.0,394.0
2024-01-11 19:00:00,33.8,2887.0,152.10863927999998,605.0,256.0,417.0
2024-01-11 20:00:00,33.7,2984.0,156.75417504000004,617.0,259.0,425.0
2024-01-11 21:00:00,33.9,2875.0,151.924545,603.0,242.0,402.0
2024-01-11 22:00:00,34.0,2817.0,149.29874640000003,582.0,232.0,381.0
2024-01-11 23:00:00,34.0,2763.0,146.4367896,568.0,227.0,366.0
2024-01-12 00:00:00,34.1,2672.0,142.03037375999997,531.0,215.0,351.0
2024-01-12 01:00:00,34.2,2509.0,133.75719863999998,505.0,211.0,339.0
2024-01-12 02:00:00,34.3,2279.0,121.85092836,483.0,202.0,329.0
2024-01-12 03:00:00,34.4,2245.0,120.38300639999999,478.0,197.0,321.0
2024-01-12 04:00:00,34.6,2125.0,114.61077,431.0,173.0,311.0
2024-01-12 05:00:00,35.2,1991.0,109.24569216000002,407.0,169.0,281.0
2024-01-12 06:00:00,35.1,1882.0,102.97152216,383.0,156.0,271.0
2024-01-12 07:00:00,34.3,1842.0,98.48591928,402.0,163.0,267.0
2024-01-12 08:00:00,34.4,1904.0,102.09765888,414.0,169.0,281.0
2024-01-12 09:00:00,34.1,2106.0,111.94459847999998,443.0,181.0,293.0
2024-01-12 10:00:00,34.2,2053.0,109.44740088,426.0,175.0,301.0
2024-01-12 11:00:00,34.2,2074.0,110.56693103999999,436.0,175.0,314.0
2024-01-12 12:00:00,34.1,2093.0,111.25358243999999,438.0,181.0,314.0
2024-01-12 13:00:00,33.9,2176.0,114.98706432,452.0,186.0,321.0
2024-01-12 14:00:00,34.0,2193.0,116.2272456,459.0,191.0,330.0
2024-01-12 15:00:00,34.0,2200.0,116.59824,461.0,191.0,332.0
2024-01-12 16:00:00,34.3,2227.0,119.07065268,483.0,202.0,338.0
2024-01-12 17:00:00,34.5,2315.0,124.49745900000002,497.0,207.0,346.0
2024-01-12 18:00:00,34.1,2596.0,137.99058767999998,574.0,239.0,388.0
2024-01-12 19:00:00,33.9,2737.0,144.63216684,605.0,251.0,411.0
2024-01-12 20:00:00,34.0,2815.0,149.192748,610.0,247.0,419.0
2024-01-12 21:00:00,33.9,2823.0,149.17669236,613.0,256.0,412.0
2024-01-12 22:00:00,34.2,2688.0,143.29986048,581.0,243.0,309.0
2024-01-12 23:00:00,34.5,2592.0,139.3941312,561.0,235.0,383.0
2024-01-13 00:00:00,34.5,2368.0,127.34772480000001,537.0,217.0,271.0
2024-01-13 01:00:00,34.7,2306.0,124.73237016000002,503.0,202.0,263.0
2024-01-13 02:00:00,34.8,2218.0,120.31816032,486.0,199.0,252.0
2024-01-13 03:00:00,35.0,2137.0,116.59044600000001,431.0,182.0,232.0
2024-01-13 04:00:00,35.0,2052.0,111.953016,412.0,173.0,280.0
2024-01-13 05:00:00,35.1,2014.0,110.19375432000001,395.0,169.0,255.0
2024-01-13 06:00:00,35.2,1881.0,103.21001856000001,381.0,163.0,277.0
2024-01-13 07:00:00,35.1,1939.0,106.09021332,394.0,161.0,275.0
2024-01-13 08:00:00,34.5,2040.0,109.70834400000001,417.0,175.0,297.0
2024-01-13 09:00:00,34.0,2136.0,113.20629120000001,452.0,186.0,314.0
2024-01-13 10:00:00,33.8,2167.0,114.17368248,459.0,191.0,329.0
2024-01-13 11:00:00,34.8,2192.0,118.90775808000001,472.0,197.0,336.0
2024-01-13 12:00:00,34.7,2296.0,124.19146656,485.0,202.0,351.0
2024-01-13 13:00:00,34.5,2365.0,127.18638900000002,497.0,207.0,357.0
2024-01-13 14:00:00,34.3,2383.0,127.41147972000002,503.0,212.0,361.0
2024-01-13 15:00:00,34.1,2365.0,125.71176419999998,501.0,212.0,360.0
2024-01-13 16:00:00,34.2,2319.0,123.62811624,497.0,212.0,355.0
2024-01-13 17:00:00,34.5,2390.0,128.530854,513.0,217.0,365.0
2024-01-13 18:00:00,33.9,2641.0,139.55920812,570.0,243.0,401.0
2024-01-13 19:00:00,33.8,2779.0,146.41839575999998,602.0,256.0,418.0
2024-01-13 20:00:00,33.9,2853.0,150.76199196,615.0,259.0,432.0
2024-01-13 21:00:00,34.2,2734.0,145.75216464,591.0,243.0,412.0
2024-01-13 22:00:00,34.5,2626.0,141.2226036,519.0,232.0,339.0
2024-01-13 23:00:00,34.5,2553.0,137.2967658,502.0,219.0,321.0
2024-01-14 00:00:00,34.6,2433.0,131.22258984,489.0,212.0,319.0
2024-01-14 01:00:00,34.7,2352.0,127.22052672000001,486.0,206.0,316.0
2024-01-14 02:00:00,34.8,2255.0,122.3252712,479.0,196.0,322.0
2024-01-14 03:00:00,34.8,2247.0,121.89130128,474.0,197.0,323.0
2024-01-14 04:00:00,35.0,2176.0,118.71820800000002,455.0,182.0,312.0
2024-01-14 06:00:00,35.3,1998.0,109.94122871999998,412.0,169.0,291.0
2024-01-14 07:00:00,35.4,2030.0,112.01848560000002,436.0,181.0,299.0
2024-01-14 08:00:00,35.0,2069.0,112.880502,439.0,181.0,303.0
2024-01-14 09:00:00,34.9,2088.0,113.59162656000001,448.0,180.0,318.0
2024-01-14 10:00:00,34.8,2145.0,116.3581848,459.0,180.0,323.0
2024-01-14 11:00:00,34.5,2230.0,119.926278,483.0,187.0,344.0
2024-01-14 12:00:00,34.5,2348.0,126.27215280000001,507.0,200.0,367.0
2024-01-14 13:00:00,34.5,2409.0,129.5526474,513.0,205.0,376.0
2024-01-14 14:00:00,34.1,2445.0,129.9641706,531.0,210.0,386.0
2024-01-14 15:00:00,34.3,2384.0,127.46494655999999,531.0,209.0,383.0
2024-01-14 16:00:00,34.5,2469.0,132.7793634,540.0,211.0,387.0
2024-01-14 17:00:00,34.6,2518.0,135.80702064000002,546.0,216.0,394.0
2024-01-14 18:00:00,34.3,2651.0,141.74059284,581.0,229.0,412.0
2024-01-14 19:00:00,34.2,2735.0,145.8054756,603.0,236.0,417.0
2024-01-14 20:00:00,34.1,2782.0,147.87743256,617.0,242.0,429.0
2024-01-14 21:00:00,34.3,2714.0,145.10900376,600.0,236.0,419.0
2024-01-14 22:00:00,34.4,2614.0,140.16979007999998,584.0,224.0,386.0
2024-01-14 23:00:00,34.4,2553.0,136.89880416,562.0,216.0,373.0
2024-01-15 00:00:00,34.2,2481.0,132.26449176,502.0,202.0,360.0
2024-01-15 01:00:00,34.3,2140.0,114.41903760000001,483.0,186.0,334.0
2024-01-15 02:00:00,34.2,2081.0,110.94010775999999,464.0,184.0,327.0
2024-01-15 03:00:00,34.5,2034.0,109.3856724,448.0,179.0,314.0
2024-01-15 04:00:00,34.7,1967.0,106.39573812,439.0,168.0,307.0
2024-01-15 05:00:00,34.7,1901.0,102.82577436,422.0,160.0,293.0
2024-01-15 06:00:00,34.6,1784.0,96.21911232,404.0,151.0,275.0
2024-01-15 07:00:00,34.5,1687.0,90.7244982,381.0,146.0,260.0
2024-01-15 08:00:00,33.8,1815.0,95.62770359999999,419.0,160.0,275.0
2024-01-15 09:00:00,33.4,1812.0,94.33982304,386.0,148.0,285.0
2024-01-15 10:00:00,33.3,1830.0,94.99171319999999,391.0,153.0,296.0
2024-01-15 11:00:00,33.3,1839.0,95.45888556,404.0,155.0,309.0
2024-01-15 12:00:00,33.2,1928.0,99.77816448000002,399.0,154.0,316.0
2024-01-15 13:00:00,33.6,1509.0,79.03490112000001,293.0,122.0,262.0
2024-01-15 14:00:00,34.0,1774.0,94.0205808,386.0,148.0,283.0
2024-01-15 15:00:00,34.3,2017.0,107.84261628,417.0,162.0,316.0
2024-01-15 16:00:00,34.2,2158.0,115.04505167999999,426.0,166.0,329.0
2024-01-15 17:00:00,34.0,2355.0,124.81311600000001,463.0,181.0,359.0
2024-01-15 18:00:00,34.0,2639.0,139.86488880000002,598.0,207.0,397.0
2024-01-15 19:00:00,33.9,2799.0,147.90845267999998,608.0,238.0,419.0
2024-01-15 20:00:00,33.8,2865.0,150.94951559999998,622.0,243.0,426.0
2024-01-15 21:00:00,33.8,3230.0,170.1804312,617.0,239.0,419.0
2024-01-15 22:00:00,34.5,2606.0,140.1470316,570.0,220.0,386.0
2024-01-15 23:00:00,34.5,2563.0,137.8345518,554.0,217.0,376.0
2024-01-16 00:00:00,34.9,2394.0,130.23867528000002,513.0,202.0,354.0
2024-01-16 01:00:00,34.9,2352.0,127.95378624000001,507.0,198.0,340.0
2024-01-16 02:00:00,35.0,2263.0,123.46475400000003,486.0,191.0,328.0
2024-01-16 03:00:00,35.2,2211.0,121.31703936000001,462.0,187.0,314.0
2024-01-16 04:00:00,35.4,2159.0,119.13690168000001,453.0,179.0,309.0
2024-01-16 05:00:00,34.9,2102.0,114.35325624000001,448.0,173.0,303.0
2024-01-16 06:00:00,34.7,2009.0,108.66753324000001,440.0,171.0,296.0
2024-01-16 07:00:00,34.7,1903.0,102.93395508,437.0,170.0,291.0
2024-01-16 08:00:00,34.6,1920.0,103.5542016,435.0,169.0,287.0
2024-01-16 09:00:00,34.6,1928.0,103.98567744000002,431.0,168.0,285.0
2024-01-16 10:00:00,34.4,1943.0,104.18894495999999,441.0,172.0,291.0
2024-01-16 11:00:00,34.3,1959.0,104.74153956,445.0,174.0,297.0
2024-01-16 12:00:00,34.3,1997.0,106.77327948000001,454.0,180.0,307.0
2024-01-16 13:00:00,34.2,2060.0,109.82057760000001,472.0,185.0,314.0
2024-01-16 14:00:00,34.2,2085.0,111.15335160000001,475.0,185.0,317.0
2024-01-16 15:00:00,34.2,2108.0,112.37950367999998,478.0,187.0,321.0
2024-01-16 16:00:00,34.3,2149.0,114.90023916,503.0,173.0,329.0
2024-01-16 17:00:00,34.6,2252.0,121.46044896000001,519.0,179.0,347.0
2024-01-16 18:00:00,34.2,2561.0,136.52936856,600.0,206.0,397.0
2024-01-16 19:00:00,34.4,2589.0,138.82922208,635.0,217.0,415.0
2024-01-16 20:00:00,33.9,2776.0,146.69305631999998,652.0,222.0,430.0
2024-01-16 21:00:00,34.4,2715.0,145.5856848,630.0,214.0,417.0
2024-01-16 22:00:00,34.5,2623.0,141.0612678,608.0,206.0,401.0
2024-01-16 23:00:00,34.8,2493.0,135.23587632000002,579.0,196.0,380.0
2024-01-17 00:00:00,35.2,2312.0,126.85888512000001,523.0,183.0,355.0
2024-01-17 01:00:00,35.4,2278.0,125.70350256,515.0,176.0,344.0
2024-01-17 02:00:00,35.4,2207.0,121.78561464,497.0,170.0,330.0
2024-01-17 03:00:00,35.6,2142.0,118.86660576,472.0,162.0,318.0
2024-01-17 04:00:00,35.4,2140.0,118.08845280000003,468.0,161.0,314.0
2024-01-17 05:00:00,35.2,2084.0,114.34857984000001,443.0,152.0,289.0
2024-01-17 06:00:00,35.0,2001.0,109.17055800000001,420.0,143.0,271.0
2024-01-17 07:00:00,34.9,1750.0,95.20371,397.0,135.0,260.0
2024-01-17 08:00:00,34.3,1832.0,97.95125088,404.0,143.0,271.0
2024-01-17 09:00:00,34.0,1821.0,96.5115432,391.0,132.0,283.0
2024-01-17 10:00:00,34.0,1894.0,100.3804848,414.0,140.0,295.0
2024-01-17 11:00:00,34.3,1860.0,99.4483224,417.0,143.0,301.0
2024-01-17 12:00:00,34.2,1856.0,98.94514175999998,463.0,156.0,312.0
2024-01-17 13:00:00,34.4,2038.0,109.28310335999998,474.0,163.0,311.0
2024-01-17 14:00:00,34.3,2047.0,109.44662148,485.0,165.0,316.0
2024-01-17 15:00:00,34.2,2073.0,110.51362008000001,489.0,166.0,325.0
2024-01-17 16:00:00,34.2,2127.0,113.39241192,495.0,168.0,329.0
2024-01-17 17:00:00,34.6,2204.0,118.87159392,507.0,175.0,342.0
2024-01-17 18:00:00,34.3,2548.0,136.23350832,577.0,205.0,394.0
2024-01-17 19:00:00,34.0,2661.0,141.0308712,618.0,211.0,414.0
2024-01-17 20:00:00,33.8,2741.0,144.41627304,631.0,217.0,421.0
2024-01-17 21:00:00,34.1,2669.0,141.87090851999997,618.0,211.0,408.0
2024-01-17 22:00:00,34.4,2541.0,136.25533152,583.0,198.0,391.0
2024-01-17 23:00:00,34.8,2423.0,131.43863952,556.0,191.0,373.0
2024-01-18 00:00:00,34.3,2346.0,125.43320664000001,534.0,183.0,357.0
2024-01-18 01:00:00,34.6,2269.0,122.37733512,513.0,174.0,341.0
2024-01-18 02:00:00,34.7,2192.0,118.56606912000001,491.0,166.0,325.0
2024-01-18 03:00:00,34.8,2117.0,114.83929008,470.0,158.0,309.0
2024-01-18 04:00:00,34.9,2063.0,112.23157356000002,459.0,151.0,300.0
2024-01-18 05:00:00,35.0,2007.0,109.497906,441.0,146.0,291.0
2024-01-18 06:00:00,35.2,1774.0,97.33895424,397.0,133.0,265.0
2024-01-18 07:00:00,34.8,1744.0,94.60544256,386.0,131.0,253.0
2024-01-18 08:00:00,33.7,1826.0,95.92262856,419.0,140.0,267.0
2024-01-18 09:00:00,34.1,1863.0,99.02791403999998,426.0,147.0,281.0
2024-01-18 10:00:00,34.3,1899.0,101.53352916,443.0,151.0,287.0
2024-01-18 11:00:00,34.4,1867.0,100.11361824,457.0,156.0,277.0
2024-01-18 12:00:00,34.1,1925.0,102.32352899999998,468.0,159.0,283.0
2024-01-18 13:00:00,34.2,2000.0,106.62191999999999,481.0,164.0,287.0
2024-01-18 14:00:00,34.1,2053.0,109.12737923999998,493.0,169.0,318.0
2024-01-18 15:00:00,34.2,2064.0,110.03382144,487.0,168.0,316.0
2024-01-18 16:00:00,34.3,2119.0,113.29623396,503.0,172.0,325.0
2024-01-18 17:00:00,35.1,2199.0,120.31582212,513.0,176.0,342.0
2024-01-18 18:00:00,34.4,2517.0,134.96838624,598.0,204.0,395.0
2024-01-18 19:00:00,34.5,2586.0,139.0714596,527.0,183.0,415.0
2024-01-18 20:00:00,34.3,2673.0,142.91686332,539.0,187.0,432.0
2024-01-18 21:00:00,34.7,2605.0,140.90538780000003,529.0,183.0,422.0
2024-01-18 22:00:00,34.6,2420.0,130.5214416,487.0,167.0,386.0
2024-01-18 23:00:00,34.9,2305.0,125.39688660000002,461.0,159.0,370.0
2024-01-19 00:00:00,35.4,2122.0,117.09518544,364.0,129.0,352.0
2024-01-19 01:00:00,34.9,2142.0,116.52934104000002,359.0,123.0,337.0
2024-01-19 02:00:00,34.7,2073.0,112.12931628,344.0,119.0,323.0
2024-01-19 03:00:00,34.8,2048.0,111.09629952,349.0,121.0,314.0
2024-01-19 04:00:00,34.8,2023.0,109.74014352,354.0,123.0,305.0
2024-01-19 05:00:00,34.9,2000.0,108.80424000000001,359.0,124.0,297.0
2024-01-19 06:00:00,35.3,1709.0,94.03881875999998,326.0,110.0,256.0
2024-01-19 07:00:00,34.8,1781.0,96.61255344,338.0,114.0,262.0
2024-01-19 08:00:00,34.7,1782.0,96.38902152000001,323.0,114.0,265.0
2024-01-19 09:00:00,34.7,1619.0,87.57229284,230.0,81.0,267.0
2024-01-19 10:00:00,34.7,1793.0,96.98401548000001,329.0,110.0,279.0
2024-01-19 11:00:00,34.5,1818.0,97.76949480000002,375.0,126.0,297.0
2024-01-19 12:00:00,34.3,1934.0,103.40486856000001,323.0,113.0,314.0
2024-01-19 13:00:00,34.2,1953.0,104.11630488,326.0,114.0,318.0
2024-01-19 14:00:00,34.0,2062.0,109.28435040000001,402.0,138.0,327.0
2024-01-19 15:00:00,34.1,2086.0,110.88149687999999,409.0,142.0,327.0
2024-01-19 16:00:00,34.5,2114.0,113.68796040000001,414.0,143.0,330.0
2024-01-19 17:00:00,34.5,2364.0,127.1326104,461.0,159.0,368.0
2024-01-19 18:00:00,34.2,2539.0,135.35652744,497.0,173.0,398.0
2024-01-19 19:00:00,33.9,2725.0,143.99804699999999,523.0,180.0,419.0
2024-01-19 20:00:00,33.9,2783.0,147.06295956,537.0,184.0,421.0
2024-01-19 21:00:00,33.3,2109.0,109.47405635999999,438.0,151.0,362.0
2024-01-19 22:00:00,33.3,2386.0,123.85258343999999,493.0,166.0,382.0
2024-01-19 23:00:00,33.1,2299.0,118.61984772,474.0,162.0,360.0
2024-01-20 00:00:00,33.6,2157.0,112.97434176000002,441.0,151.0,344.0
2024-01-20 01:00:00,33.6,2155.0,112.86959040000002,430.0,149.0,341.0
2024-01-20 02:00:00,33.8,2073.0,109.22106312,414.0,142.0,225.0
2024-01-20 03:00:00,34.0,1995.0,105.73340400000001,399.0,138.0,211.0
2024-01-20 04:00:00,34.1,1912.0,101.63251295999999,381.0,132.0,299.0
2024-01-20 05:00:00,34.3,1843.0,98.53938612000002,364.0,124.0,285.0
2024-01-20 06:00:00,34.4,1709.0,91.64122848,336.0,116.0,271.0
2024-01-20 07:00:00,34.1,1771.0,94.13764667999999,347.0,118.0,275.0
2024-01-20 08:00:00,35.2,1913.0,104.96585088,362.0,143.0,289.0
2024-01-20 09:00:00,35.2,1956.0,107.32525056000001,370.0,143.0,301.0
2024-01-20 10:00:00,34.9,1918.0,104.34326616000001,391.0,156.0,318.0
2024-01-20 11:00:00,34.5,1954.0,105.0833844,402.0,156.0,334.0
2024-01-20 12:00:00,34.3,1991.0,106.45247844,419.0,162.0,342.0
2024-01-20 13:00:00,34.2,2110.0,112.48612560000001,429.0,169.0,348.0
2024-01-20 14:00:00,34.3,2215.0,118.42905060000001,443.0,175.0,359.0
2024-01-20 15:00:00,34.2,2202.0,117.39073392,436.0,175.0,359.0
2024-01-20 16:00:00,34.2,2193.0,116.91093527999999,431.0,175.0,352.0
2024-01-20 17:00:00,35.0,2190.0,119.48202000000002,436.0,175.0,359.0
2024-01-20 18:00:00,34.1,2467.0,131.13358236,495.0,202.0,401.0
2024-01-20 19:00:00,34.0,2615.0,138.592908,521.0,212.0,419.0
2024-01-20 20:00:00,33.8,2852.0,150.26457888,544.0,221.0,426.0
2024-01-20 21:00:00,33.9,2839.0,150.02218548,541.0,221.0,429.0
2024-01-20 22:00:00,34.3,2655.0,141.9544602,509.0,196.0,402.0
2024-01-20 23:00:00,34.9,2406.0,130.89150072,461.0,182.0,312.0
2024-01-21 00:00:00,34.9,2327.0,126.59373324,421.0,172.0,286.0
2024-01-21 01:00:00,34.9,2256.0,122.73118272,411.0,165.0,277.0
2024-01-21 02:00:00,35.0,2207.0,120.40950600000002,409.0,155.0,281.0
2024-01-21 03:00:00,35.0,2179.0,118.88188200000002,406.0,161.0,285.0
2024-01-21 04:00:00,35.2,2131.0,116.92745856000002,404.0,163.0,287.0
2024-01-21 05:00:00,35.5,2063.0,114.16105619999999,373.0,156.0,279.0
2024-01-21 06:00:00,35.5,1990.0,110.12142599999999,375.0,150.0,271.0
2024-01-21 07:00:00,35.0,2035.0,111.02553,397.0,156.0,275.0
2024-01-21 08:00:00,34.7,2051.0,110.93932836,404.0,163.0,283.0
2024-01-21 09:00:00,34.8,2169.0,117.66009456,409.0,163.0,287.0
2024-01-21 10:00:00,34.4,2234.0,119.79315648,424.0,169.0,297.0
2024-01-21 11:00:00,34.1,2324.0,123.53240591999999,426.0,175.0,312.0
2024-01-21 12:00:00,33.9,2456.0,129.78319392,470.0,186.0,337.0
2024-01-21 13:00:00,34.0,2474.0,131.12002080000002,489.0,163.0,351.0
2024-01-21 14:00:00,34.2,2525.0,134.610174,491.0,197.0,360.0
2024-01-21 15:00:00,34.1,2521.0,134.00395668,491.0,197.0,354.0
2024-01-21 16:00:00,34.6,2516.0,135.69915168,474.0,191.0,344.0
2024-01-21 17:00:00,35.0,2530.0,138.03174,461.0,186.0,346.0
2024-01-21 18:00:00,34.0,2837.0,150.3587304,525.0,212.0,379.0
2024-01-21 19:00:00,34.1,2622.0,139.37261976,552.0,221.0,394.0
2024-01-21 20:00:00,34.4,2678.0,143.60164416,574.0,226.0,400.0
2024-01-21 21:00:00,34.8,2627.0,142.50487248000002,554.0,222.0,389.0
2024-01-21 22:00:00,34.8,2572.0,139.52132928,545.0,215.0,375.0
2024-01-21 23:00:00,34.9,2547.0,138.56219964000002,539.0,211.0,366.0
2024-01-22 00:00:00,35.3,2311.0,127.16425403999997,533.0,212.0,329.0
2024-01-22 01:00:00,35.1,2266.0,123.98165208,521.0,204.0,319.0
2024-01-22 02:00:00,35.2,2239.0,122.85339264000002,514.0,198.0,310.0
2024-01-22 03:00:00,35.2,2190.0,120.16477440000001,504.0,189.0,289.0
2024-01-22 04:00:00,35.2,2126.0,116.65310976,466.0,179.0,278.0
2024-01-22 05:00:00,35.3,1967.0,108.23543387999999,445.0,175.0,269.0
2024-01-22 06:00:00,34.5,1793.0,96.4250298,424.0,163.0,256.0
2024-01-22 07:00:00,34.0,1758.0,93.1725936,419.0,163.0,249.0
2024-01-22 08:00:00,34.4,1929.0,103.43822688,441.0,169.0,258.0
2024-01-22 09:00:00,34.3,1972.0,105.43660847999999,459.0,175.0,267.0
2024-01-22 10:00:00,34.1,1990.0,105.77860919999998,454.0,175.0,275.0
2024-01-22 11:00:00,34.3,2022.0,108.10995048000001,468.0,181.0,287.0
2024-01-22 12:00:00,34.1,2061.0,109.55261988,476.0,186.0,299.0
2024-01-22 13:00:00,34.1,2158.0,114.70866263999997,512.0,197.0,307.0
2024-01-22 14:00:00,34.1,2202.0,117.04748615999998,521.0,202.0,309.0
2024-01-22 15:00:00,33.9,2222.0,117.41785704,529.0,202.0,311.0
2024-01-22 16:00:00,33.8,2275.0,119.86392599999999,535.0,207.0,316.0
2024-01-22 17:00:00,34.7,2281.0,123.38011116000001,552.0,217.0,237.0
2024-01-22 18:00:00,34.2,2479.0,132.15786984,643.0,251.0,275.0
2024-01-22 19:00:00,34.0,2650.0,140.44788,684.0,267.0,287.0
2024-01-22 20:00:00,33.8,2928.0,154.26882431999996,699.0,275.0,383.0
2024-01-22 21:00:00,33.9,2849.0,150.55061868,677.0,267.0,371.0
2024-01-22 22:00:00,34.1,2749.0,146.12331491999998,655.0,259.0,355.0
2024-01-22 23:00:00,35.0,2654.0,144.79693200000003,631.0,242.0,332.0
2024-01-23 00:00:00,35.2,2417.0,132.62020992000004,556.0,221.0,314.0
2024-01-23 01:00:00,35.1,2396.0,131.09445648,548.0,217.0,309.0
2024-01-23 02:00:00,35.2,2329.0,127.79167104000001,521.0,205.0,289.0
2024-01-23 03:00:00,35.3,2228.0,122.59712591999998,505.0,186.0,277.0
2024-01-23 04:00:00,35.4,2117.0,116.81927784000001,466.0,181.0,271.0
2024-01-23 05:00:00,35.6,2017.0,111.92994576000001,452.0,175.0,269.0
2024-01-23 06:00:00,35.3,1889.0,103.94343396,429.0,169.0,253.0
2024-01-23 07:00:00,34.7,1822.0,98.55263592,426.0,163.0,244.0
2024-01-23 08:00:00,33.9,1979.0,104.57693028,461.0,163.0,256.0
2024-01-23 09:00:00,33.8,2019.0,106.37594136,478.0,154.0,260.0
2024-01-23 10:00:00,33.6,2102.0,110.09367936000001,497.0,159.0,277.0
2024-01-23 11:00:00,33.8,2089.0,110.06406215999999,503.0,166.0,287.0
2024-01-23 12:00:00,33.8,2120.0,111.69737279999998,506.0,169.0,287.0
2024-01-23 13:00:00,33.8,2147.0,113.11993367999999,509.0,169.0,287.0
2024-01-23 14:00:00,33.8,2162.0,113.91024528,512.0,170.0,287.0
2024-01-23 15:00:00,34.3,2187.0,116.93197908000002,509.0,172.0,291.0
2024-01-23 16:00:00,34.7,2242.0,121.27058712,521.0,175.0,293.0
2024-01-23 17:00:00,33.7,2370.0,124.49979720000002,544.0,184.0,318.0
2024-01-23 18:00:00,33.7,2738.0,143.83141128000003,644.0,217.0,374.0
2024-01-23 19:00:00,33.5,2768.0,144.5444064,672.0,226.0,391.0
2024-01-23 20:00:00,33.5,2801.0,146.26765980000002,680.0,230.0,401.0
2024-01-23 21:00:00,33.7,2840.0,149.18963040000003,662.0,222.0,389.0
2024-01-23 22:00:00,33.9,2751.0,145.37197332,635.0,213.0,374.0
2024-01-23 23:00:00,34.1,2626.0,139.58524007999998,603.0,203.0,355.0
2024-01-24 00:00:00,34.1,2547.0,135.38598875999998,583.0,196.0,340.0
2024-01-24 01:00:00,34.2,2419.0,128.95921224,556.0,186.0,329.0
2024-01-24 02:00:00,34.5,2326.0,125.0890236,532.0,173.0,306.0
2024-01-24 03:00:00,34.7,2219.0,120.02650884000002,493.0,165.0,291.0
2024-01-24 04:00:00,34.4,2167.0,116.20043423999999,478.0,162.0,285.0
2024-01-24 05:00:00,35.2,2109.0,115.72032384,461.0,155.0,277.0
2024-01-24 06:00:00,34.9,1829.0,99.50147748,407.0,139.0,244.0
2024-01-24 07:00:00,34.4,1872.0,100.38173183999999,431.0,145.0,253.0
2024-01-24 08:00:00,34.1,1949.0,103.59925091999999,454.0,151.0,260.0
2024-01-24 09:00:00,34.0,1988.0,105.3624096,470.0,158.0,269.0
2024-01-24 10:00:00,34.5,1772.0,95.2956792,472.0,164.0,277.0
2024-01-24 11:00:00,34.5,1829.0,98.3610594,485.0,169.0,287.0
2024-01-24 12:00:00,34.5,1851.0,99.5441886,496.0,172.0,293.0
2024-01-24 13:00:00,34.6,1885.0,101.66649480000001,501.0,172.0,299.0
2024-01-24 14:00:00,34.2,1981.0,105.60901175999999,513.0,176.0,301.0
2024-01-24 15:00:00,34.1,2200.0,116.94117599999998,525.0,177.0,305.0
2024-01-24 16:00:00,34.1,2239.0,119.01422411999998,523.0,179.0,312.0
2024-01-24 17:00:00,34.2,2352.0,125.38737792,556.0,190.0,329.0
2024-01-24 18:00:00,34.0,2681.0,142.09085520000002,641.0,218.0,379.0
2024-01-24 19:00:00,33.8,2855.0,150.4226412,674.0,230.0,403.0
2024-01-24 20:00:00,33.9,2647.0,139.87626803999999,631.0,215.0,395.0
2024-01-24 21:00:00,34.0,2745.0,145.48280400000002,622.0,210.0,394.0
2024-01-24 22:00:00,34.3,2618.0,139.97618712000002,581.0,198.0,367.0
2024-01-24 23:00:00,34.8,2476.0,134.31369024,552.0,188.0,351.0
2024-01-25 00:00:00,34.8,2356.0,127.80414144,525.0,179.0,336.0
2024-01-25 01:00:00,35.2,2306.0,126.52966656000001,495.0,171.0,321.0
2024-01-25 02:00:00,35.4,2245.0,123.88251240000001,473.0,166.0,311.0
2024-01-25 03:00:00,35.4,2157.0,119.02653864000001,451.0,162.0,286.0
2024-01-25 04:00:00,35.6,2099.0,116.48039471999999,437.0,154.0,284.0
2024-01-25 05:00:00,35.7,2037.0,113.35733892000002,424.0,145.0,277.0
2024-01-25 06:00:00,35.3,1801.0,99.10117763999999,383.0,131.0,251.0
2024-01-25 07:00:00,34.9,1793.0,97.54300116,383.0,131.0,247.0
2024-01-25 08:00:00,34.2,1874.0,99.90473903999998,404.0,138.0,256.0
2024-01-25 09:00:00,34.1,1908.0,101.41989263999999,407.0,139.0,262.0
2024-01-25 10:00:00,34.0,1960.0,103.878432,431.0,147.0,265.0
2024-01-25 11:00:00,34.1,1954.0,103.86502632,436.0,147.0,265.0
2024-01-25 12:00:00,34.1,1998.0,106.20384983999998,443.0,151.0,273.0
2024-01-25 13:00:00,33.8,2079.0,109.53718776,465.0,158.0,289.0
2024-01-25 14:00:00,34.4,2112.0,113.25118464,481.0,162.0,291.0
2024-01-25 15:00:00,34.2,2144.0,114.29869824,503.0,171.0,293.0
2024-01-25 16:00:00,34.6,2178.0,117.46929743999999,512.0,176.0,303.0
2024-01-25 17:00:00,35.2,2255.0,123.73130880000002,523.0,179.0,309.0
2024-01-25 18:00:00,34.4,2611.0,140.00892191999998,623.0,213.0,362.0
2024-01-25 19:00:00,34.1,2728.0,145.00705824,652.0,222.0,382.0
2024-01-25 20:00:00,34.1,2779.0,147.71796731999996,671.0,225.0,389.0
2024-01-25 21:00:00,34.5,2711.0,145.7937846,655.0,219.0,377.0
2024-01-25 22:00:00,34.8,2633.0,142.83034992,613.0,208.0,362.0
2024-01-25 23:00:00,35.1,2491.0,136.29227508,557.0,191.0,359.0
2024-01-26 00:00:00,35.2,2433.0,133.49812608000002,532.0,187.0,346.0
2024-01-26 01:00:00,35.4,2320.0,128.0211264,525.0,185.0,338.0
2024-01-26 02:00:00,35.4,2253.0,124.32396456000002,510.0,173.0,318.0
2024-01-26 03:00:00,35.2,2186.0,119.94529536,488.0,166.0,314.0
2024-01-26 04:00:00,35.0,2176.0,118.71820800000003,474.0,162.0,303.0
2024-01-26 05:00:00,35.3,1950.0,107.29999799999999,422.0,144.0,275.0
2024-01-26 06:00:00,35.3,1830.0,100.69692119999999,402.0,136.0,260.0
2024-01-26 07:00:00,34.7,1834.0,99.20172024000001,397.0,136.0,253.0
2024-01-26 08:00:00,34.4,1860.0,99.7382592,424.0,143.0,267.0
2024-01-26 09:00:00,34.6,1906.0,102.79911888000001,431.0,148.0,277.0
2024-01-26 10:00:00,34.4,1985.0,106.4410992,445.0,152.0,285.0
2024-01-26 11:00:00,34.3,2002.0,107.04061368,450.0,155.0,293.0
2024-01-26 12:00:00,34.3,2184.0,116.77157856,461.0,157.0,299.0
2024-01-26 13:00:00,34.1,2212.0,117.57903696,468.0,160.0,301.0
2024-01-26 14:00:00,34.1,2210.0,117.4727268,468.0,160.0,299.0
2024-01-26 15:00:00,34.0,2236.0,118.50621120000001,472.0,163.0,299.0
2024-01-26 16:00:00,34.3,2238.0,119.65878792000001,472.0,163.0,297.0
2024-01-26 17:00:00,35.0,2267.0,123.68298600000003,491.0,167.0,232.0
2024-01-26 18:00:00,34.3,2665.0,142.48912860000002,568.0,195.0,355.0
2024-01-26 19:00:00,34.1,2832.0,150.53518656,598.0,205.0,376.0
2024-01-26 20:00:00,34.0,2892.0,153.2736864,602.0,205.0,388.0
2024-01-26 21:00:00,34.0,2785.0,147.60277200000002,584.0,202.0,384.0
2024-01-26 22:00:00,34.3,2740.0,146.4991416,567.0,196.0,373.0
2024-01-26 23:00:00,34.6,2587.0,139.52849976,533.0,184.0,349.0
2024-01-27 00:00:00,34.7,2475.0,133.87364100000002,513.0,176.0,331.0
2024-01-27 01:00:00,34.5,2365.0,127.18638900000002,492.0,167.0,314.0
2024-01-27 02:00:00,34.4,2255.0,120.91923359999998,472.0,159.0,296.0
2024-01-27 03:00:00,34.3,2146.0,114.73983864,452.0,151.0,279.0
2024-01-27 04:00:00,34.5,1994.0,107.23452840000002,419.0,140.0,264.0
2024-01-27 05:00:00,34.8,1843.0,99.97582032,386.0,129.0,249.0
2024-01-27 06:00:00,34.8,1744.0,94.60544256,367.0,123.0,239.0
2024-01-27 07:00:00,34.8,1825.0,98.999388,375.0,127.0,244.0
2024-01-27 08:00:00,34.5,1924.0,103.4700264,399.0,134.0,253.0
2024-01-27 09:00:00,34.4,1976.0,105.95849471999999,414.0,138.0,262.0
2024-01-27 10:00:00,33.9,2084.0,110.12547888,426.0,141.0,271.0
2024-01-27 11:00:00,33.8,2075.0,109.326438,431.0,143.0,281.0
2024-01-27 12:00:00,33.5,2125.0,110.96707500000002,448.0,150.0,293.0
2024-01-27 13:00:00,33.5,2190.0,114.36136200000001,466.0,155.0,301.0
2024-01-27 14:00:00,33.8,2212.0,116.54461727999998,465.0,156.0,305.0
2024-01-27 15:00:00,33.9,2204.0,116.46667728,470.0,158.0,311.0
2024-01-27 16:00:00,33.8,2224.0,117.17686655999998,465.0,157.0,309.0
2024-01-27 17:00:00,33.9,2288.0,120.90551615999999,472.0,161.0,314.0
2024-01-27 18:00:00,34.1,2633.0,139.95732563999997,544.0,185.0,359.0
2024-01-27 19:00:00,33.7,2801.0,147.14089956,583.0,199.0,382.0
2024-01-27 20:00:00,33.7,2833.0,148.82190948000002,590.0,201.0,382.0
2024-01-27 21:00:00,33.8,2765.0,145.68077159999999,572.0,196.0,373.0
2024-01-27 22:00:00,34.2,2601.0,138.66180696,539.0,184.0,352.0
2024-01-27 23:00:00,34.4,2474.0,132.66260928,505.0,173.0,336.0
2024-01-28 00:00:00,34.4,2392.0,128.26554624,491.0,167.0,321.0
2024-01-28 01:00:00,34.6,2325.0,125.397666,472.0,160.0,306.0
2024-01-28 02:00:00,34.9,2261.0,123.00319332000001,454.0,154.0,291.0
2024-01-28 03:00:00,35.0,2193.0,119.64569400000002,432.0,146.0,280.0
2024-01-28 04:00:00,35.1,2126.0,116.32170888,410.0,139.0,269.0
2024-01-28 05:00:00,35.2,2060.0,113.03170560000001,389.0,132.0,258.0
2024-01-28 06:00:00,34.7,1929.0,104.34030444000001,381.0,131.0,258.0
2024-01-28 07:00:00,34.7,1952.0,105.58438272000001,391.0,135.0,260.0
2024-01-28 08:00:00,34.3,1950.0,104.260338,394.0,136.0,258.0
2024-01-28 09:00:00,34.3,1969.0,105.27620796,402.0,138.0,260.0
2024-01-28 10:00:00,34.7,2071.0,112.02113556,409.0,143.0,271.0
2024-01-28 11:00:00,34.4,2433.0,130.46407775999998,419.0,156.0,283.0
2024-01-28 12:00:00,34.3,2233.0,119.39145372000002,443.0,155.0,307.0
2024-01-28 13:00:00,34.5,2316.0,124.55123760000001,457.0,161.0,321.0
2024-01-28 14:00:00,34.4,2358.0,126.44237376,476.0,166.0,293.0
2024-01-28 15:00:00,34.4,2282.0,122.36704703999999,476.0,163.0,235.0
2024-01-28 16:00:00,34.5,2275.0,122.346315,470.0,163.0,307.0
2024-01-28 17:00:00,34.5,2395.0,128.79974700000002,497.0,174.0,334.0
2024-01-28 18:00:00,34.7,2641.0,142.85264076,548.0,192.0,367.0
2024-01-28 19:00:00,34.3,2752.0,147.14074368,576.0,200.0,382.0
2024-01-28 20:00:00,34.4,2655.0,142.3683216,554.0,192.0,372.0
2024-01-28 21:00:00,35.1,2560.0,140.06753279999998,533.0,185.0,362.0
2024-01-28 22:00:00,35.4,2465.0,136.0224468,512.0,178.0,352.0
2024-01-28 23:00:00,35.5,2416.0,133.69515839999997,503.0,175.0,547.0
2024-01-29 00:00:00,34.5,2285.0,122.88410100000002,493.0,168.0,334.0
2024-01-29 01:00:00,34.5,2135.0,114.81731100000002,459.0,155.0,305.0
2024-01-29 02:00:00,34.7,2100.0,113.58975600000001,450.0,152.0,301.0
2024-01-29 03:00:00,34.7,2055.0,111.1556898,438.0,148.0,293.0
2024-01-29 04:00:00,34.8,1936.0,105.02072064000001,413.0,139.0,279.0
2024-01-29 05:00:00,35.0,1819.0,99.24100200000002,389.0,131.0,265.0
2024-01-29 06:00:00,35.0,1726.0,94.16710800000001,373.0,125.0,249.0
2024-01-29 07:00:00,34.8,1699.0,92.16436176,370.0,123.0,242.0
2024-01-29 08:00:00,34.6,1871.0,100.91141207999999,397.0,132.0,251.0
2024-01-29 09:00:00,34.3,1909.0,102.06819756,414.0,156.0,251.0
2024-01-29 10:00:00,34.3,1996.0,106.71981264,417.0,163.0,262.0
2024-01-29 11:00:00,34.3,2013.0,107.62874891999999,434.0,163.0,275.0
2024-01-29 12:00:00,34.2,2080.0,110.8867968,436.0,169.0,283.0
2024-01-29 13:00:00,34.0,2130.0,112.88829600000001,459.0,169.0,293.0
2024-01-29 14:00:00,34.5,2226.0,119.71116360000002,459.0,173.0,295.0
2024-01-29 15:00:00,34.8,2206.0,119.66720544,461.0,186.0,303.0
2024-01-29 16:00:00,34.7,2254.0,121.91967144000002,468.0,186.0,309.0
2024-01-29 17:00:00,35.3,2387.0,131.34620267999998,481.0,197.0,327.0
2024-01-29 18:00:00,34.5,2707.0,145.5786702,565.0,226.0,374.0
2024-01-29 19:00:00,34.0,2947.0,156.1886424,613.0,247.0,401.0
2024-01-29 20:00:00,34.0,3020.0,160.05758400000002,627.0,256.0,415.0
2024-01-29 21:00:00,34.3,2967.0,158.63611428000002,620.0,251.0,404.0
2024-01-29 22:00:00,34.8,2818.0,152.86590432,541.0,232.0,375.0
2024-01-29 23:00:00,35.0,2474.0,134.976492,529.0,212.0,351.0
2024-01-30 00:00:00,35.1,2479.0,135.63570851999998,513.0,207.0,341.0
2024-01-30 01:00:00,35.4,2348.0,129.56620896,472.0,191.0,311.0
2024-01-30 02:00:00,35.0,2174.0,118.60909200000002,425.0,186.0,289.0
2024-01-30 03:00:00,35.0,2130.0,116.20854000000003,412.0,181.0,277.0
2024-01-30 04:00:00,34.9,2065.0,112.34037780000001,381.0,169.0,272.0
2024-01-30 05:00:00,34.9,1961.0,106.68255732000002,377.0,161.0,262.0
2024-01-30 06:00:00,34.9,1884.0,102.49359408000001,372.0,150.0,253.0
2024-01-30 07:00:00,34.8,1896.0,102.85087104,389.0,150.0,249.0
2024-01-30 08:00:00,34.3,1955.0,104.52767220000001,409.0,156.0,256.0
2024-01-30 09:00:00,34.2,1982.0,105.66232271999999,422.0,163.0,265.0
2024-01-30 10:00:00,34.0,2037.0,107.95937040000001,431.0,163.0,273.0
2024-01-30 11:00:00,34.6,2021.0,109.00158408,429.0,163.0,281.0
2024-01-30 12:00:00,34.4,2085.0,111.80337120000002,445.0,175.0,285.0
2024-01-30 13:00:00,34.3,2165.0,115.75570859999999,465.0,181.0,295.0
2024-01-30 14:00:00,34.4,2200.0,117.969984,470.0,186.0,301.0
2024-01-30 15:00:00,34.4,2204.0,118.18447488,476.0,186.0,303.0
2024-01-30 16:00:00,34.8,2247.0,121.89130128000002,476.0,191.0,297.0
2024-01-30 17:00:00,35.3,2262.0,124.46799767999998,495.0,197.0,225.0
2024-01-30 18:00:00,34.6,2650.0,142.926372,568.0,230.0,321.0
2024-01-30 19:00:00,34.1,2853.0,151.65144324,617.0,247.0,357.0
2024-01-30 20:00:00,34.0,3009.0,159.4745928,677.0,267.0,367.0
2024-01-30 21:00:00,34.2,2973.0,158.49348407999997,662.0,263.0,360.0
2024-01-30 22:00:00,34.9,2929.0,159.34380948,621.0,251.0,351.0
2024-01-30 23:00:00,35.1,2884.0,157.79482992,586.0,242.0,342.0
2024-01-31 00:00:00,35.3,2493.0,137.17892052,546.0,212.0,311.0
2024-01-31 01:00:00,34.7,2481.0,134.19818316,544.0,209.0,307.0
2024-01-31 02:00:00,34.8,2393.0,129.81125232,517.0,202.0,291.0
2024-01-31 03:00:00,35.0,2353.0,128.374974,502.0,196.0,282.0
2024-01-31 04:00:00,35.1,2330.0,127.4833404,495.0,197.0,275.0
2024-01-31 05:00:00,34.9,2043.0,111.14353116000001,431.0,155.0,261.0
2024-01-31 06:00:00,34.9,1889.0,102.76560468000001,414.0,163.0,230.0
2024-01-31 07:00:00,34.5,1925.0,103.52380500000001,419.0,163.0,232.0
2024-01-31 08:00:00,34.0,2007.0,106.3693944,445.0,163.0,239.0
2024-01-31 09:00:00,34.4,2043.0,109.55121696,454.0,175.0,249.0
2024-01-31 10:00:00,34.3,2087.0,111.58529508000001,470.0,181.0,253.0
2024-01-31 11:00:00,34.1,2113.0,112.31668403999998,476.0,181.0,260.0
2024-01-31 12:00:00,33.7,1853.0,97.34098068,452.0,175.0,232.0
2024-01-31 13:00:00,33.1,2189.0,112.94425692,503.0,186.0,262.0
2024-01-31 14:00:00,33.7,2174.0,114.20361144000003,483.0,197.0,273.0
2024-01-31 15:00:00,33.8,2259.0,119.02092695999998,491.0,197.0,277.0
2024-01-31 16:00:00,34.0,2332.0,123.59413440000002,509.0,207.0,293.0
2024-01-31 17:00:00,34.2,2463.0,131.30489448,529.0,217.0,301.0
2024-01-31 18:00:00,33.6,2828.0,148.11842304,577.0,243.0,391.0
2024-01-31 19:00:00,33.9,2764.0,146.05893648,561.0,230.0,389.0
2024-01-31 20:00:00,33.7,3062.0,160.85163672000002,615.0,259.0,418.0
2024-01-31 21:00:00,33.9,3043.0,160.80222276,615.0,259.0,417.0
2024-01-31 22:00:00,34.5,2939.0,158.0553054,581.0,245.0,388.0
2024-01-31 23:00:00,34.8,2911.0,157.91080464,565.0,241.0,366.0
2024-02-01 00:00:00,34.7,2443.0,132.14274948000002,481.0,202.0,325.0
2024-02-01 01:00:00,34.7,2411.0,130.41185796000002,468.0,192.0,306.0
2024-02-01 02:00:00,34.9,2401.0,130.61949012000002,470.0,197.0,323.0
2024-02-01 03:00:00,34.7,2367.0,128.03188212,433.0,181.0,314.0
2024-02-01 04:00:00,34.8,2324.0,126.06826176000001,438.0,186.0,307.0
2024-02-01 05:00:00,35.0,2064.0,112.60771200000002,406.0,166.0,231.0
2024-02-01 06:00:00,35.1,1998.0,109.31833224,389.0,156.0,267.0
2024-02-01 07:00:00,34.6,1962.0,105.81944976,370.0,156.0,251.0
2024-02-01 08:00:00,33.9,2082.0,110.01979223999999,407.0,159.0,267.0
2024-02-01 09:00:00,33.7,2118.0,111.26184408,465.0,178.0,277.0
2024-02-01 10:00:00,33.9,2080.0,109.9141056,473.0,185.0,286.0
2024-02-01 11:00:00,34.9,2152.0,117.07336224000002,487.0,192.0,299.0
2024-02-01 12:00:00,34.5,2098.0,112.82750280000002,454.0,179.0,311.0
2024-02-01 13:00:00,34.3,2144.0,114.63290496,463.0,184.0,320.0
2024-02-01 14:00:00,34.3,2151.0,115.00717284000001,465.0,184.0,320.0
2024-02-01 15:00:00,34.2,2164.0,115.36491744,470.0,185.0,320.0
2024-02-01 16:00:00,34.2,2272.0,121.12250112,491.0,193.0,348.0
2024-02-01 17:00:00,34.3,2429.0,129.87095436,513.0,204.0,360.0
2024-02-01 18:00:00,34.7,2610.0,141.17583960000002,570.0,225.0,391.0
2024-02-01 19:00:00,34.1,2787.0,148.14320795999998,612.0,240.0,418.0
2024-02-01 20:00:00,33.9,2891.0,152.77003811999998,631.0,247.0,429.0
2024-02-01 21:00:00,34.1,2775.0,147.50534699999997,618.0,241.0,418.0
2024-02-01 22:00:00,34.3,2726.0,145.75060584,603.0,232.0,410.0
2024-02-01 23:00:00,34.6,2543.0,137.15538264,550.0,216.0,385.0
2024-02-02 00:00:00,34.8,2200.0,119.34172800000002,536.0,207.0,364.0
2024-02-02 01:00:00,34.9,2378.0,129.36824136,511.0,197.0,348.0
2024-02-02 02:00:00,35.3,2315.0,127.38435659999999,493.0,187.0,336.0
2024-02-02 03:00:00,35.5,2250.0,124.50914999999998,472.0,185.0,327.0
2024-02-02 04:00:00,35.5,2201.0,121.79761739999998,460.0,179.0,314.0
2024-02-02 05:00:00,35.6,2154.0,119.53252511999999,445.0,175.0,309.0
2024-02-02 06:00:00,35.3,1947.0,107.13492107999997,412.0,162.0,287.0
2024-02-02 07:00:00,34.8,1845.0,100.08431279999999,397.0,155.0,265.0
2024-02-02 08:00:00,34.6,1893.0,102.09797064,404.0,157.0,269.0
2024-02-02 09:00:00,34.0,1936.0,102.60645120000001,409.0,162.0,273.0
2024-02-02 10:00:00,34.0,1960.0,103.878432,424.0,166.0,277.0
2024-02-02 11:00:00,34.1,1990.0,105.77860919999998,427.0,169.0,285.0
2024-02-02 12:00:00,34.1,2028.0,107.79850223999998,438.0,172.0,297.0
2024-02-02 13:00:00,34.3,2113.0,112.97543292,454.0,181.0,314.0
2024-02-02 14:00:00,34.4,2127.0,114.05552544,457.0,182.0,316.0
2024-02-02 15:00:00,34.3,2145.0,114.68637180000002,463.0,185.0,323.0
2024-02-02 16:00:00,34.9,2222.0,120.88151064000002,427.0,190.0,332.0
2024-02-02 17:00:00,34.9,2297.0,124.96166964000001,493.0,197.0,347.0
2024-02-02 18:00:00,34.3,2600.0,139.01378400000002,567.0,224.0,391.0
2024-02-02 19:00:00,34.4,2746.0,147.24798912,600.0,236.0,412.0
2024-02-02 20:00:00,34.4,2704.0,144.99583488,618.0,241.0,421.0
2024-02-02 21:00:00,34.4,2681.0,143.76251231999998,608.0,237.0,419.0
2024-02-02 22:00:00,34.8,2573.0,139.57557552000003,584.0,225.0,396.0
2024-02-02 23:00:00,35.0,2456.0,133.99444800000003,550.0,214.0,380.0
2024-02-03 00:00:00,34.7,2402.0,129.92504472000002,527.0,200.0,360.0
2024-02-03 01:00:00,34.9,2326.0,126.53933112000001,504.0,193.0,346.0
2024-02-03 02:00:00,35.0,2259.0,123.24652200000001,486.0,187.0,335.0
2024-02-03 03:00:00,35.1,2208.0,120.80824703999998,470.0,179.0,324.0
2024-02-03 04:00:00,35.2,2160.0,118.5186816,452.0,173.0,307.0
2024-02-03 05:00:00,35.3,1965.0,108.1253826,404.0,155.0,281.0
2024-02-03 06:00:00,35.2,1968.0,107.98368768,410.0,159.0,283.0
2024-02-03 07:00:00,34.9,1994.0,108.47782728000001,414.0,161.0,285.0
2024-02-03 08:00:00,34.9,2039.0,110.92592268000001,417.0,161.0,287.0
2024-02-03 09:00:00,34.4,2099.0,112.55408928,436.0,168.0,299.0
2024-02-03 10:00:00,34.6,2100.0,113.262408,431.0,169.0,305.0
2024-02-03 11:00:00,34.5,2087.0,112.23593819999999,448.0,172.0,305.0
2024-02-03 12:00:00,34.2,2173.0,115.84471607999998,459.0,177.0,305.0
2024-02-03 13:00:00,34.5,2124.0,114.2257464,456.0,177.0,306.0
2024-02-03 14:00:00,34.7,2140.0,115.75337040000002,454.0,178.0,307.0
2024-02-03 15:00:00,34.9,2198.0,119.57585976,459.0,175.0,305.0
2024-02-03 16:00:00,33.7,1987.0,104.38020972000001,463.0,172.0,305.0
2024-02-03 17:00:00,33.8,2130.0,112.22424719999998,489.0,178.0,321.0
2024-02-03 18:00:00,33.9,2021.0,106.79634972,450.0,169.0,260.0
2024-02-03 19:00:00,34.0,1998.0,105.8924016,491.0,182.0,371.0
2024-02-03 20:00:00,33.8,2044.0,107.69312735999999,495.0,183.0,391.0
2024-02-03 21:00:00,33.6,2134.0,111.76970112000001,576.0,209.0,388.0
2024-02-03 22:00:00,33.8,2072.0,109.16837568,559.0,202.0,379.0
2024-02-03 23:00:00,34.1,1956.0,103.97133647999999,523.0,191.0,355.0
2024-02-04 00:00:00,34.5,1812.0,97.44682320000001,493.0,180.0,330.0
2024-02-04 01:00:00,34.6,1801.0,97.13599848000001,478.0,174.0,321.0
2024-02-04 02:00:00,34.8,1683.0,91.29642192,456.0,162.0,307.0
2024-02-04 03:00:00,34.3,1405.0,75.1209102,438.0,157.0,291.0
2024-02-04 04:00:00,34.3,1443.0,77.15265012,426.0,155.0,281.0
2024-02-04 05:00:00,34.3,1518.0,81.16266311999999,419.0,153.0,277.0
2024-02-04 06:00:00,34.1,1469.0,78.08481251999999,399.0,147.0,269.0
2024-02-04 07:00:00,34.0,1509.0,79.97579280000001,409.0,151.0,271.0
2024-02-04 08:00:00,34.4,1525.0,81.774648,409.0,160.0,275.0
2024-02-04 09:00:00,34.5,1514.0,81.4208004,407.0,160.0,273.0
2024-02-04 10:00:00,34.4,1573.0,84.34853856,422.0,165.0,283.0
2024-02-04 11:00:00,34.3,1645.0,87.9529518,443.0,172.0,307.0
2024-02-04 12:00:00,34.2,1725.0,91.961406,461.0,181.0,325.0
2024-02-04 13:00:00,33.8,1778.0,93.67826832,474.0,186.0,334.0
2024-02-04 14:00:00,33.7,1790.0,94.0314924,478.0,186.0,341.0
2024-02-04 15:00:00,33.7,1785.0,93.7688346,485.0,182.0,334.0
2024-02-04 16:00:00,34.1,1784.0,94.82866271999998,483.0,184.0,332.0
2024-02-04 17:00:00,33.9,1827.0,96.54474564,495.0,188.0,337.0
2024-02-04 18:00:00,33.4,2043.0,106.36658856,559.0,210.0,380.0
2024-02-04 19:00:00,33.4,2149.0,111.88536408,593.0,223.0,398.0
2024-02-04 20:00:00,33.4,2284.0,118.91399328,595.0,226.0,401.0
2024-02-04 21:00:00,33.5,2216.0,115.71907680000001,581.0,218.0,388.0
2024-02-04 22:00:00,33.2,2400.0,124.205184,564.0,206.0,367.0
2024-02-04 23:00:00,33.5,2268.0,118.4345064,527.0,195.0,347.0
2024-02-06 00:00:00,35.1,2377.0,130.05489276,497.0,193.0,332.0
2024-02-06 01:00:00,35.3,2328.0,128.09968992,478.0,185.0,316.0
2024-02-06 02:00:00,34.0,2223.0,117.81722160000001,474.0,178.0,311.0
2024-02-06 03:00:00,33.9,2170.0,114.67000440000001,460.0,172.0,301.0
2024-02-06 04:00:00,33.8,2117.0,111.53931048,445.0,166.0,293.0
2024-02-06 05:00:00,33.7,2066.0,108.53020296000001,431.0,161.0,283.0
2024-02-06 06:00:00,34.6,1807.0,97.45960536000001,383.0,145.0,251.0
2024-02-06 07:00:00,34.1,1771.0,94.13764667999999,373.0,142.0,242.0
2024-02-06 08:00:00,33.7,1821.0,95.65997076000001,391.0,149.0,244.0
2024-02-06 09:00:00,34.4,1915.0,102.68750879999999,391.0,148.0,242.0
2024-02-06 10:00:00,34.5,1907.0,102.5557902,389.0,148.0,244.0
2024-02-06 11:00:00,34.6,1875.0,101.12715,394.0,151.0,253.0
2024-02-06 12:00:00,34.4,1977.0,106.01211744,404.0,155.0,260.0
2024-02-06 13:00:00,34.0,1934.0,102.5004528,422.0,157.0,273.0
2024-02-06 14:00:00,34.2,1979.0,105.50238984,419.0,157.0,271.0
2024-02-06 15:00:00,34.4,2046.0,109.71208512000001,422.0,160.0,277.0
2024-02-06 16:00:00,34.4,2095.0,112.3395984,424.0,160.0,281.0
2024-02-06 17:00:00,34.6,2239.0,120.75930072,450.0,171.0,301.0
2024-02-06 18:00:00,33.7,2546.0,133.74535176,533.0,199.0,357.0
2024-02-06 19:00:00,33.8,2728.0,143.73133632,563.0,214.0,377.0
2024-02-06 20:00:00,33.6,2792.0,146.23289856000002,581.0,218.0,385.0
2024-02-06 21:00:00,34.0,2731.0,144.74081520000001,561.0,211.0,371.0
2024-02-06 22:00:00,34.7,2576.0,139.33676736,527.0,199.0,354.0
2024-02-06 23:00:00,34.8,2409.0,130.67919215999999,501.0,182.0,331.0
2024-02-07 00:00:00,34.8,2280.0,123.6814272,463.0,174.0,303.0
2024-02-07 01:00:00,34.6,2219.0,119.68061112,448.0,169.0,294.0
2024-02-07 02:00:00,34.4,2156.0,115.61058432000002,436.0,164.0,285.0
2024-02-07 03:00:00,34.0,2095.0,111.03332400000001,424.0,159.0,276.0
2024-02-07 04:00:00,34.0,2035.0,107.85337200000001,411.0,154.0,268.0
2024-02-07 05:00:00,34.0,1975.0,104.67342,399.0,149.0,260.0
2024-02-07 06:00:00,35.0,1692.0,92.31213600000001,344.0,130.0,232.0
2024-02-07 07:00:00,34.6,1683.0,90.77172984,344.0,131.0,225.0
2024-02-07 08:00:00,34.2,1722.0,91.80147312,362.0,143.0,225.0
2024-02-07 09:00:00,34.5,1837.0,98.7912882,370.0,150.0,232.0
2024-02-07 10:00:00,34.4,1868.0,100.16724096,381.0,150.0,242.0
2024-02-07 11:00:00,34.5,1850.0,99.49041,391.0,156.0,256.0
2024-02-07 12:00:00,34.3,1933.0,103.35140172000001,404.0,163.0,258.0
2024-02-07 13:00:00,34.0,2007.0,106.3693944,414.0,169.0,271.0
2024-02-07 14:00:00,34.2,1991.0,106.14212136,419.0,172.0,277.0
2024-02-07 15:00:00,34.4,2125.0,113.94827999999998,422.0,174.0,281.0
2024-02-07 16:00:00,34.5,2126.0,114.3333036,426.0,175.0,283.0
2024-02-07 17:00:00,34.9,2227.0,121.15352124,445.0,186.0,301.0
2024-02-07 18:00:00,34.5,2513.0,135.14562180000001,512.0,217.0,351.0
2024-02-07 19:00:00,34.3,2695.0,144.09313379999998,550.0,230.0,371.0
2024-02-07 20:00:00,34.1,2815.0,149.63155019999996,572.0,239.0,382.0
2024-02-07 21:00:00,34.2,2790.0,148.7375784,567.0,239.0,382.0
2024-02-07 22:00:00,34.4,2648.0,141.99296256,533.0,225.0,365.0
2024-02-07 23:00:00,34.5,2492.0,134.0162712,501.0,212.0,344.0
2024-02-08 00:00:00,34.5,2429.0,124.9487316,485.0,207.0,332.0
2024-02-08 01:00:00,34.4,2342.0,120.4734168,466.0,192.0,321.0
2024-02-08 02:00:00,34.5,2183.0,112.29439320000002,443.0,186.0,305.0
2024-02-08 03:00:00,34.8,2150.0,110.59686000000002,424.0,175.0,281.0
2024-02-08 04:00:00,35.0,2018.0,103.80672720000001,406.0,159.0,266.0
2024-02-08 05:00:00,35.0,1908.0,98.14828320000001,371.0,152.0,255.0
2024-02-08 06:00:00,35.3,1834.0,94.3416936,359.0,143.0,244.0
2024-02-08 07:00:00,34.7,1662.0,85.49394480000001,251.0,101.0,232.0
2024-02-08 08:00:00,34.1,1727.0,88.83757080000001,412.0,242.0,155.0
2024-02-08 09:00:00,33.9,1775.0,91.30671000000001,436.0,253.0,159.0
2024-02-08 10:00:00,33.6,1801.0,92.6441604,452.0,260.0,166.0
2024-02-08 11:00:00,33.9,1854.0,95.37050160000001,470.0,269.0,166.0
2024-02-08 12:00:00,33.8,1893.0,97.3766772,481.0,277.0,179.0
2024-02-08 13:00:00,33.6,1966.0,101.13182640000001,505.0,289.0,185.0
2024-02-08 14:00:00,34.0,1989.0,102.3149556,512.0,297.0,188.0
2024-02-08 15:00:00,34.1,1997.0,102.72647880000001,507.0,297.0,192.0
2024-02-08 16:00:00,34.3,2074.0,106.6873896,519.0,305.0,200.0
2024-02-08 17:00:00,34.8,2151.0,110.64830040000001,362.0,119.0,321.0
2024-02-08 18:00:00,33.9,2456.0,126.3376224,422.0,143.0,374.0
2024-02-08 19:00:00,33.7,2641.0,135.8540964,463.0,156.0,401.0
2024-02-08 20:00:00,33.7,2671.0,137.39730840000001,493.0,156.0,414.0
2024-02-08 21:00:00,34.2,2548.0,131.07013920000003,475.0,152.0,361.0
2024-02-08 22:00:00,34.4,2485.0,127.82939400000001,434.0,143.0,320.0
2024-02-08 23:00:00,34.4,2380.0,122.42815200000001,429.0,135.0,330.0
2024-02-09 00:00:00,34.8,2311.0,118.87876440000002,412.0,133.0,320.0
2024-02-09 01:00:00,34.5,2195.0,112.91167800000002,389.0,119.0,303.0
2024-02-09 02:00:00,34.4,2165.0,111.36846600000001,379.0,119.0,296.0
2024-02-09 03:00:00,34.3,2135.0,109.825254,372.0,110.0,288.0
2024-02-09 04:00:00,34.6,2114.0,108.74500560000001,367.0,110.0,281.0
2024-02-09 05:00:00,34.8,1972.0,101.4404688,345.0,110.0,261.0
2024-02-09 06:00:00,35.1,1796.0,92.38695840000001,310.0,90.0,244.0
2024-02-09 07:00:00,34.8,1728.0,88.88901120000001,306.0,90.0,237.0
2024-02-09 08:00:00,34.2,1787.0,91.9239948,323.0,101.0,244.0
2024-02-09 09:00:00,33.9,1844.0,94.85609760000001,332.0,101.0,253.0
2024-02-09 10:00:00,34.5,1889.0,97.1709156,341.0,110.0,269.0
2024-02-09 11:00:00,34.6,1673.0,86.05978920000001,359.0,110.0,192.0
2024-02-09 12:00:00,34.6,1695.0,87.191478,364.0,110.0,194.0
2024-02-09 13:00:00,34.6,1703.0,87.60300120000001,361.0,110.0,192.0
2024-02-09 14:00:00,34.8,1716.0,88.2717264,362.0,110.0,197.0
2024-02-09 15:00:00,34.6,1766.0,90.84374640000001,373.0,110.0,200.0
2024-02-09 16:00:00,34.8,1773.0,91.2038292,378.0,110.0,206.0
2024-02-09 17:00:00,35.2,2102.0,108.1277208,375.0,119.0,305.0
2024-02-09 18:00:00,34.4,2422.0,124.58864880000002,450.0,143.0,349.0
2024-02-09 19:00:00,34.6,2478.0,127.46931120000002,474.0,150.0,370.0
2024-02-09 20:00:00,34.3,2573.0,132.3561492,489.0,156.0,382.0
2024-02-09 21:00:00,34.5,2470.0,127.05778800000002,472.0,143.0,372.0
2024-02-09 22:00:00,34.9,2392.0,123.0454368,455.0,139.0,355.0
2024-02-09 23:00:00,35.0,2372.0,122.0166288,432.0,132.0,332.0
2024-02-10 00:00:00,35.3,2340.0,120.37053600000002,419.0,135.0,360.0
2024-02-10 01:00:00,35.0,2229.0,114.66065160000002,412.0,128.0,351.0
2024-02-10 02:00:00,35.1,2178.0,112.03719120000001,392.0,122.0,331.0
2024-02-10 03:00:00,35.3,2098.0,107.92195920000002,388.0,117.0,316.0
2024-02-10 04:00:00,35.3,2009.0,103.34376360000002,351.0,112.0,302.0
2024-02-10 05:00:00,35.7,1807.0,92.9528028,332.0,90.0,291.0
2024-02-10 06:00:00,35.3,1781.0,91.6153524,323.0,101.0,281.0
2024-02-10 07:00:00,34.3,1846.0,94.9589784,329.0,101.0,283.0
2024-02-10 08:00:00,33.6,1953.0,100.4631012,347.0,97.0,291.0
2024-02-10 09:00:00,33.7,2040.0,104.938416,352.0,101.0,303.0
2024-02-10 10:00:00,34.1,2136.0,109.87669440000002,362.0,106.0,316.0
2024-02-10 11:00:00,33.9,2154.0,110.80262160000001,493.0,143.0,327.0
2024-02-10 12:00:00,33.9,2231.0,114.76353240000002,474.0,132.0,339.0
2024-02-10 13:00:00,34.0,2288.0,117.6956352,399.0,118.0,349.0
2024-02-10 14:00:00,34.0,2306.0,118.62156240000002,404.0,119.0,352.0
2024-02-10 15:00:00,34.3,2295.0,118.05571800000001,527.0,153.0,352.0
2024-02-10 16:00:00,34.3,2313.0,118.98164520000002,530.0,156.0,354.0
2024-02-10 17:00:00,34.1,2264.0,116.46106560000001,581.0,161.0,377.0
2024-02-10 18:00:00,33.8,2402.0,123.55984080000002,620.0,169.0,398.0
2024-02-10 19:00:00,33.7,2754.0,141.6668616,651.0,141.0,419.0
2024-02-10 20:00:00,33.9,2363.0,121.55366520000001,503.0,146.0,430.0
2024-02-10 21:00:00,34.0,2317.0,119.18740679999999,495.0,144.0,419.0
2024-02-10 22:00:00,34.0,2352.0,120.98782080000001,481.0,139.0,407.0
2024-02-10 23:00:00,34.2,2282.0,117.3869928,474.0,138.0,391.0
2024-02-11 00:00:00,34.4,2185.0,112.39727400000001,458.0,132.0,371.0
2024-02-11 01:00:00,34.7,2112.0,108.6421248,436.0,125.0,355.0
2024-02-11 02:00:00,34.7,2037.0,104.78409480000002,427.0,122.0,343.0
2024-02-11 03:00:00,34.9,2000.0,102.88080000000001,409.0,117.0,332.0
2024-02-11 04:00:00,35.1,1955.0,100.56598200000002,396.0,114.0,324.0
2024-02-11 05:00:00,35.2,1921.0,98.8170084,383.0,110.0,314.0
2024-02-11 06:00:00,35.4,1571.0,80.81286840000001,362.0,103.0,307.0
2024-02-11 07:00:00,35.3,1607.0,82.6647228,373.0,107.0,311.0
2024-02-11 08:00:00,35.5,1226.0,63.065930400000006,303.0,209.0,118.0
2024-02-11 09:00:00,35.2,1239.0,63.7346556,311.0,209.0,118.0
2024-02-11 10:00:00,34.9,1253.0,64.4548212,324.0,216.0,122.0
2024-02-11 11:00:00,34.9,1281.0,65.8951524,336.0,222.0,127.0
2024-02-11 12:00:00,34.6,1337.0,68.7758148,355.0,231.0,135.0
2024-02-11 13:00:00,34.4,1401.0,72.0680004,365.0,247.0,143.0
2024-02-11 14:00:00,34.2,1383.0,71.14207320000001,337.0,251.0,144.0
2024-02-11 15:00:00,34.3,1421.0,73.09680840000001,376.0,251.0,144.0
2024-02-11 16:00:00,34.4,1409.0,72.47952360000001,371.0,249.0,144.0
2024-02-11 17:00:00,34.5,1430.0,73.55977200000001,373.0,256.0,146.0
2024-02-11 18:00:00,34.8,2155.0,110.85406200000001,194.0,209.0,408.0
2024-02-11 19:00:00,34.1,2530.0,130.14421199999998,260.0,261.0,430.0
2024-02-11 20:00:00,33.9,2592.0,133.3335168,269.0,277.0,443.0
2024-02-11 21:00:00,34.0,2554.0,131.37878160000002,267.0,269.0,426.0
2024-02-11 22:00:00,34.3,2422.0,124.5886488,251.0,254.0,407.0
2024-02-11 23:00:00,34.5,2347.0,120.7306188,227.0,231.0,376.0
2024-02-12 00:00:00,34.7,2166.0,111.4199064,222.0,227.0,267.0
2024-02-12 01:00:00,34.6,2098.0,107.92195920000002,214.0,218.0,259.0
2024-02-12 02:00:00,34.6,2086.0,107.3046744,206.0,206.0,341.0
2024-02-12 03:00:00,34.8,2002.0,102.9836808,194.0,196.0,334.0
2024-02-12 04:00:00,34.9,1937.0,99.6400548,185.0,187.0,324.0
2024-02-12 05:00:00,35.0,1868.0,96.0906672,179.0,182.0,301.0
2024-02-12 06:00:00,35.3,1610.0,82.81904400000002,166.0,166.0,271.0
2024-02-12 07:00:00,34.6,1741.0,89.55773640000001,166.0,173.0,275.0
2024-02-12 08:00:00,34.1,1800.0,92.59272000000001,173.0,179.0,281.0
2024-02-12 09:00:00,34.0,1836.0,94.44457440000001,182.0,186.0,291.0
2024-02-12 10:00:00,33.9,1720.0,88.47748800000001,182.0,112.0,299.0
2024-02-12 11:00:00,33.9,1772.0,91.1523888,185.0,181.0,314.0
2024-02-12 12:00:00,33.5,2004.0,103.08656160000001,197.0,191.0,320.0
2024-02-12 13:00:00,33.8,2040.0,104.938416,200.0,196.0,330.0
2024-02-12 14:00:00,33.7,2260.0,116.255304,200.0,198.0,332.0
2024-02-12 15:00:00,33.5,2252.0,115.84378080000002,200.0,207.0,334.0
2024-02-12 16:00:00,34.1,2295.0,118.05571800000001,203.0,213.0,341.0
2024-02-12 17:00:00,34.3,2461.0,126.59482440000001,217.0,226.0,368.0
2024-02-12 18:00:00,33.9,2766.0,142.2841464,249.0,261.0,419.0
2024-02-12 19:00:00,33.7,2879.0,148.0969116,269.0,275.0,435.0
2024-02-12 20:00:00,33.7,2865.0,147.37674600000003,267.0,278.0,443.0
2024-02-12 21:00:00,33.8,2820.0,145.06192800000002,260.0,268.0,446.0
2024-02-12 22:00:00,33.8,2920.0,150.205968,249.0,256.0,426.0
2024-02-12 23:00:00,33.9,2796.0,143.8273584,240.0,245.0,407.0
2024-02-13 00:00:00,34.4,2653.0,136.4713812,230.0,233.0,389.0
2024-02-13 01:00:00,34.5,2633.0,135.44257320000003,225.0,228.0,382.0
2024-02-13 02:00:00,34.4,2577.0,132.56191080000002,218.0,222.0,368.0
2024-02-13 03:00:00,34.3,2516.0,129.4240464,206.0,208.0,352.0
2024-02-13 04:00:00,34.6,2467.0,126.90346680000002,187.0,190.0,334.0
2024-02-13 05:00:00,34.8,2364.0,121.6051056,173.0,183.0,321.0
2024-02-13 06:00:00,35.1,2094.0,107.71619760000002,169.0,175.0,295.0
2024-02-13 07:00:00,34.3,2071.0,106.53306840000002,166.0,172.0,283.0
2024-02-13 08:00:00,33.7,2138.0,109.97957520000001,182.0,189.0,295.0
2024-02-13 09:00:00,33.7,2185.0,112.39727400000001,188.0,195.0,299.0
2024-02-13 10:00:00,33.8,1978.0,101.74911120000002,192.0,195.0,305.0
2024-02-13 11:00:00,33.6,1906.0,98.0454024,200.0,200.0,321.0
2024-02-13 12:00:00,33.8,2017.0,103.75528680000001,200.0,204.0,321.0
2024-02-13 13:00:00,33.5,2084.0,107.2017936,206.0,210.0,329.0
2024-02-13 14:00:00,34.2,1965.0,101.080386,206.0,206.0,334.0
2024-02-13 15:00:00,34.1,2370.0,121.91374800000001,200.0,209.0,337.0
2024-02-13 16:00:00,34.1,2417.0,124.33144680000001,206.0,213.0,344.0
2024-02-13 17:00:00,34.2,2568.0,132.0989472,214.0,221.0,371.0
2024-02-13 18:00:00,33.3,2922.0,150.3088488,251.0,261.0,462.0
2024-02-13 19:00:00,33.6,2984.0,153.49815360000002,265.0,277.0,454.0
2024-02-13 20:00:00,33.7,3150.0,162.03726,267.0,277.0,455.0
2024-02-13 21:00:00,33.5,2985.0,153.549594,206.0,217.0,446.0
2024-02-13 22:00:00,33.0,2881.0,148.1997924,200.0,208.0,429.0
2024-02-13 23:00:00,33.7,2778.0,142.9014312,194.0,199.0,412.0
2024-02-14 00:00:00,33.9,2688.0,146.65190400000003,186.0,191.0,396.0
2024-02-14 01:00:00,34.3,2600.0,141.85080000000002,178.0,182.0,379.0
2024-02-14 02:00:00,34.6,2511.0,136.99513800000003,170.0,174.0,364.0
2024-02-14 03:00:00,34.9,2424.0,132.24859200000003,162.0,166.0,349.0
2024-02-14 04:00:00,35.0,2392.0,130.50273600000003,160.0,163.0,346.0
2024-02-14 05:00:00,35.1,2360.0,128.75688000000002,159.0,160.0,342.0
2024-02-14 06:00:00,35.1,2048.0,111.73478400000002,135.0,142.0,303.0
2024-02-14 07:00:00,34.7,2000.0,105.99840000000002,131.0,140.0,287.0
2024-02-14 08:00:00,33.9,2092.0,110.8743264,139.0,149.0,299.0
2024-02-14 09:00:00,33.7,2119.0,109.00220760000002,143.0,153.0,309.0
2024-02-14 10:00:00,33.9,2165.0,111.368466,147.0,158.0,316.0
2024-02-14 11:00:00,34.7,2217.0,114.0433668,147.0,155.0,329.0
2024-02-14 12:00:00,34.6,2197.0,113.0145588,151.0,160.0,336.0
2024-02-14 13:00:00,34.3,2174.0,115.2202608,194.0,206.0,342.0
2024-02-14 14:00:00,34.3,2368.0,125.50210560000002,197.0,210.0,347.0
2024-02-14 15:00:00,34.1,2372.0,125.7141024,202.0,215.0,352.0
2024-02-14 16:00:00,33.9,2376.0,125.92609920000001,209.0,219.0,359.0
2024-02-14 17:00:00,34.2,2544.0,134.82996480000003,217.0,224.0,376.0
2024-02-14 18:00:00,34.0,2813.0,149.08674960000002,256.0,264.0,433.0
2024-02-14 19:00:00,33.9,3105.0,159.722442,267.0,273.0,452.0
2024-02-14 20:00:00,33.9,3038.0,156.27593520000002,267.0,276.0,460.0
2024-02-14 21:00:00,34.1,3101.0,164.3505192,265.0,270.0,450.0
2024-02-14 22:00:00,34.4,2863.0,151.7367096,249.0,255.0,430.0
2024-02-14 23:00:00,34.6,2801.0,148.45075920000002,242.0,249.0,423.0
2024-02-15 00:00:00,34.6,2718.0,148.28864400000003,233.0,238.0,406.0
2024-02-15 01:00:00,34.7,2637.0,143.869446,226.0,231.0,390.0
2024-02-15 02:00:00,34.8,2557.0,139.50480600000003,218.0,222.0,375.0
2024-02-15 03:00:00,34.8,2478.0,135.194724,211.0,214.0,360.0
2024-02-15 04:00:00,34.6,2440.0,127.20587400000002,207.0,211.0,332.0
2024-02-15 05:00:00,34.5,2403.0,131.10287400000004,203.0,207.0,344.0
2024-02-15 06:00:00,34.7,2074.0,113.15329200000002,173.0,175.0,299.0
2024-02-15 07:00:00,34.5,2126.0,115.99030800000003,173.0,176.0,295.0
2024-02-15 08:00:00,34.2,2233.0,118.3472136,185.0,194.0,312.0
2024-02-15 09:00:00,34.3,2250.0,119.24820000000001,188.0,196.0,311.0
2024-02-15 10:00:00,34.3,2296.0,118.1071584,192.0,204.0,321.0
2024-02-15 11:00:00,34.4,2261.0,116.30674440000001,197.0,204.0,329.0
2024-02-15 12:00:00,34.3,2327.0,119.7018108,200.0,210.0,336.0
2024-02-15 13:00:00,34.0,2374.0,122.1195096,200.0,211.0,341.0
2024-02-15 14:00:00,34.5,2225.0,114.45489,197.0,205.0,330.0
2024-02-15 15:00:00,34.2,2238.0,118.6122096,197.0,207.0,341.0
2024-02-15 16:00:00,34.9,2306.0,122.2161552,197.0,206.0,349.0
2024-02-15 17:00:00,34.8,2597.0,133.59071880000002,214.0,220.0,370.0
2024-02-15 18:00:00,34.5,2748.0,141.3582192,232.0,240.0,403.0
2024-02-15 19:00:00,33.8,2939.0,151.18333560000002,249.0,256.0,422.0
2024-02-15 20:00:00,33.8,2991.0,153.8582364,253.0,262.0,426.0
2024-02-15 21:00:00,33.7,2952.0,151.8520608,249.0,255.0,421.0
2024-02-15 22:00:00,34.0,2797.0,148.2387624,235.0,241.0,397.0
2024-02-15 23:00:00,34.4,2643.0,140.0768856,222.0,227.0,374.0
2024-02-16 00:00:00,34.6,2536.0,134.4059712,211.0,215.0,354.0
2024-02-16 01:00:00,34.7,2429.0,132.52138200000002,199.0,203.0,335.0
2024-02-16 02:00:00,34.8,2323.0,126.73823400000002,188.0,191.0,316.0
2024-02-16 03:00:00,34.7,2293.0,125.10149400000002,182.0,188.0,307.0
2024-02-16 04:00:00,34.7,2284.0,124.61047200000002,185.0,187.0,309.0
2024-02-16 05:00:00,35.1,2077.0,113.31696600000001,162.0,166.0,283.0
2024-02-16 06:00:00,35.0,1905.0,103.93299000000002,151.0,158.0,265.0
2024-02-16 07:00:00,34.9,1946.0,105.86652552000001,155.0,161.0,265.0
2024-02-16 08:00:00,34.1,2048.0,108.86160383999999,166.0,175.0,277.0
2024-02-16 09:00:00,33.7,2104.0,110.52640224000001,176.0,186.0,289.0
2024-02-16 10:00:00,33.4,2164.0,112.66632288,182.0,197.0,301.0
2024-02-16 11:00:00,34.0,2194.0,116.28024480000002,189.0,201.0,312.0
2024-02-16 12:00:00,34.2,2270.0,121.01587919999999,194.0,212.0,323.0
2024-02-16 13:00:00,34.4,1939.0,103.97445407999999,194.0,212.0,325.0
2024-02-16 14:00:00,34.5,1948.0,104.76071280000001,194.0,207.0,330.0
2024-02-16 15:00:00,34.2,1562.0,83.27171952,194.0,196.0,334.0
2024-02-16 16:00:00,33.6,1831.0,95.89987008000001,206.0,207.0,342.0
2024-02-16 17:00:00,33.7,1899.0,99.75743244,209.0,212.0,351.0
2024-02-16 18:00:00,33.4,2147.0,111.78123624,249.0,256.0,260.0
2024-02-16 19:00:00,33.2,2155.0,111.5259048,261.0,251.0,415.0
2024-02-16 20:00:00,33.0,2216.0,113.99192640000001,271.0,257.0,425.0
2024-02-16 21:00:00,33.2,2216.0,114.68278656000001,267.0,254.0,430.0
2024-02-16 22:00:00,33.9,2120.0,112.0278384,255.0,251.0,422.0
2024-02-16 23:00:00,34.2,1967.0,104.86265832,242.0,239.0,419.0
2024-02-17 00:00:00,34.5,1862.0,100.13575320000001,232.0,229.0,365.0
2024-02-17 01:00:00,34.5,1806.0,97.1241516,227.0,225.0,355.0
2024-02-17 02:00:00,34.7,1773.0,95.90220828,215.0,212.0,342.0
2024-02-17 03:00:00,34.7,1744.0,94.33358784,203.0,200.0,327.0
2024-02-17 04:00:00,34.7,1724.0,93.25178064,192.0,192.0,320.0
2024-02-17 05:00:00,35.0,1613.0,88.00205400000002,172.0,172.0,291.0
2024-02-17 06:00:00,35.3,1499.0,82.48343435999999,169.0,163.0,283.0
2024-02-17 07:00:00,34.7,1544.0,83.51551584,166.0,168.0,291.0
2024-02-17 08:00:00,34.4,1648.0,88.37024256,185.0,176.0,305.0
2024-02-17 09:00:00,33.9,1703.0,89.99217396,197.0,187.0,320.0
2024-02-17 10:00:00,34.0,1807.0,95.7695544,194.0,211.0,336.0
2024-02-17 11:00:00,34.1,2064.0,109.71208511999998,189.0,192.0,342.0
2024-02-17 12:00:00,34.2,2243.0,119.57648327999999,182.0,195.0,359.0
2024-02-17 13:00:00,34.2,2261.0,120.53608055999999,172.0,186.0,355.0
2024-02-17 14:00:00,34.4,2277.0,122.09893344,166.0,176.0,362.0
2024-02-17 15:00:00,34.4,2287.0,122.63516064,166.0,186.0,360.0
2024-02-17 16:00:00,34.5,2332.0,125.4116952,200.0,217.0,352.0
2024-02-17 17:00:00,34.9,2403.0,130.72829436,209.0,230.0,363.0
2024-02-17 18:00:00,34.0,2665.0,141.24286800000002,237.0,259.0,404.0
2024-02-17 19:00:00,34.1,2832.0,150.53518655999997,251.0,275.0,422.0
2024-02-17 20:00:00,33.9,2876.0,151.97738832,258.0,282.0,438.0
2024-02-17 21:00:00,34.2,2793.0,148.89751128,251.0,256.0,429.0
2024-02-17 22:00:00,34.8,2688.0,145.81389312,242.0,246.0,411.0
2024-02-17 23:00:00,35.0,2543.0,138.740994,233.0,239.0,392.0
2024-02-18 00:00:00,35.2,2432.0,133.44325632,214.0,219.0,371.0
2024-02-18 01:00:00,35.2,2355.0,129.2182848,202.0,206.0,351.0
2024-02-18 02:00:00,35.4,2297.0,126.75195144000001,196.0,201.0,343.0
2024-02-18 03:00:00,35.5,2266.0,125.39454839999998,194.0,200.0,339.0
2024-02-18 04:00:00,35.0,2113.0,115.28105400000001,186.0,192.0,321.0
2024-02-18 05:00:00,35.1,2055.0,112.4370234,179.0,189.0,312.0
2024-02-18 06:00:00,35.3,2033.0,111.86712611999998,173.0,186.0,307.0
2024-02-18 07:00:00,34.9,2090.0,113.70043080000002,182.0,191.0,312.0
2024-02-18 08:00:00,34.8,2089.0,113.32039535999999,188.0,202.0,316.0
2024-02-18 09:00:00,34.9,2047.0,111.36113964,185.0,207.0,321.0
2024-02-18 10:00:00,34.5,2167.0,116.5382262,197.0,205.0,332.0
2024-02-18 11:00:00,34.1,2264.0,120.34310111999999,200.0,211.0,354.0
2024-02-18 12:00:00,33.8,2464.0,129.82185216,222.0,239.0,381.0
2024-02-18 13:00:00,34.0,2494.0,132.1800048,222.0,239.0,385.0
2024-02-18 14:00:00,33.9,2461.0,130.04741052,219.0,225.0,385.0
2024-02-18 15:00:00,33.9,2433.0,128.56779756,219.0,224.0,383.0
2024-02-18 16:00:00,34.1,2417.0,128.47582835999998,214.0,221.0,371.0
2024-02-18 17:00:00,34.2,2386.0,127.19995055999999,217.0,222.0,376.0
2024-02-18 18:00:00,33.6,2670.0,139.84306560000002,242.0,263.0,421.0
2024-02-18 19:00:00,33.8,2875.0,151.47638999999998,288.0,294.0,458.0
2024-02-18 20:00:00,33.4,2818.0,146.71612656,265.0,286.0,442.0
2024-02-18 21:00:00,33.5,2784.0,145.3799232,260.0,262.0,442.0
2024-02-18 22:00:00,34.0,2689.0,142.5148488,245.0,251.0,419.0
2024-02-18 23:00:00,34.2,2627.0,140.04789191999998,232.0,239.0,389.0
2024-02-19 00:00:00,34.4,2349.0,125.95976927999999,215.0,218.0,362.0
2024-02-19 01:00:00,34.7,2313.0,125.11100268000001,209.0,212.0,359.0
2024-02-19 02:00:00,34.7,2282.0,123.43420152,201.0,206.0,351.0
2024-02-19 03:00:00,34.5,2193.0,117.9364698,195.0,200.0,341.0
2024-02-19 04:00:00,34.6,2161.0,116.55241128,192.0,195.0,335.0
2024-02-19 05:00:00,34.7,2129.0,115.15837644000001,188.0,197.0,321.0
2024-02-19 06:00:00,35.2,1809.0,99.25939584,155.0,163.0,279.0
2024-02-19 07:00:00,34.9,1798.0,97.81501176,159.0,164.0,271.0
2024-02-19 08:00:00,34.6,1919.0,103.50026712,169.0,179.0,287.0
2024-02-19 09:00:00,34.5,1977.0,106.32029220000001,179.0,185.0,297.0
2024-02-19 10:00:00,34.5,2040.0,109.70834400000001,179.0,185.0,303.0
2024-02-19 11:00:00,34.3,2059.0,110.08822356,176.0,185.0,317.0
2024-02-19 12:00:00,34.0,2085.0,110.50333200000001,176.0,183.0,321.0
2024-02-19 13:00:00,33.9,2188.0,115.62118416000001,192.0,201.0,330.0
2024-02-19 14:00:00,33.8,2205.0,116.17580519999999,192.0,199.0,336.0
2024-02-19 15:00:00,33.9,2238.0,118.26335015999999,197.0,206.0,337.0
2024-02-19 16:00:00,34.4,2247.0,120.49025184,203.0,210.0,339.0
2024-02-19 17:00:00,34.4,2366.0,126.87135552000001,209.0,220.0,355.0
2024-02-19 18:00:00,34.2,2701.0,143.99290295999998,247.0,253.0,408.0
2024-02-19 19:00:00,33.8,2804.0,147.73558175999997,249.0,261.0,433.0
2024-02-19 20:00:00,33.8,2896.0,152.58282623999997,262.0,268.0,443.0
2024-02-19 21:00:00,33.9,2848.0,150.49777536,260.0,263.0,436.0
2024-02-19 22:00:00,34.1,2770.0,147.23957159999998,249.0,251.0,403.0
2024-02-19 23:00:00,34.3,2693.0,143.98620012,246.0,248.0,383.0
2024-02-20 00:00:00,34.8,2418.0,131.16740832,219.0,221.0,368.0
2024-02-20 01:00:00,34.8,2386.0,129.43152864,202.0,216.0,357.0
2024-02-20 02:00:00,34.8,2359.0,127.96688016000002,196.0,209.0,346.0
2024-02-20 03:00:00,34.9,2332.0,126.86574384000002,185.0,193.0,339.0
2024-02-20 04:00:00,34.9,2292.0,124.68965904000001,179.0,187.0,316.0
2024-02-20 05:00:00,34.8,2125.0,115.27326000000001,176.0,183.0,309.0
2024-02-20 06:00:00,35.3,2059.0,113.29779276,171.0,179.0,296.0
2024-02-20 07:00:00,34.6,2049.0,110.51174952,176.0,185.0,296.0
2024-02-20 08:00:00,34.2,2050.0,109.28746799999999,179.0,191.0,297.0
2024-02-20 09:00:00,33.8,2049.0,107.95656456,188.0,193.0,297.0
2024-02-20 10:00:00,33.8,2034.0,107.16625296,194.0,197.0,303.0
2024-02-20 11:00:00,33.9,2017.0,106.58497643999999,197.0,204.0,314.0
2024-02-20 12:00:00,33.8,2147.0,113.11993367999999,200.0,204.0,323.0
2024-02-20 13:00:00,33.5,2212.0,115.51019760000003,206.0,210.0,329.0
2024-02-20 14:00:00,33.8,2225.0,117.22955399999998,200.0,186.0,311.0
2024-02-20 15:00:00,34.1,1542.0,81.96513336,131.0,140.0,291.0
2024-02-20 16:00:00,34.1,1938.0,103.01454503999997,179.0,188.0,307.0
2024-02-20 17:00:00,34.0,2243.0,118.8772056,211.0,209.0,339.0
2024-02-20 18:00:00,34.4,2535.0,135.9335952,247.0,230.0,383.0
2024-02-20 19:00:00,34.6,1765.0,95.1943572,256.0,238.0,392.0
2024-02-20 23:00:00,34.7,558.0,30.182420880000002,48.0,50.0,217.0
2024-02-21 00:00:00,34.7,767.0,41.48730612,48.0,50.0,217.0
2024-02-21 01:00:00,34.9,789.0,42.923272680000004,48.0,54.0,214.0
2024-02-21 02:00:00,35.0,812.0,44.30109600000001,52.0,56.0,211.0
2024-02-21 03:00:00,35.0,843.0,45.992394000000004,68.0,73.0,202.0
2024-02-21 04:00:00,34.8,852.0,46.217796480000004,69.0,77.0,194.0
2024-02-21 05:00:00,34.6,808.0,43.57905984,33.0,48.0,75.0
2024-02-21 06:00:00,34.9,1172.0,63.759284640000004,166.0,151.0,277.0
2024-02-21 07:00:00,34.4,1214.0,65.09798208,169.0,155.0,277.0
2024-02-21 08:00:00,34.0,1278.0,67.7329776,173.0,160.0,277.0
2024-02-21 09:00:00,34.0,1317.0,69.79994640000001,176.0,171.0,285.0
2024-02-21 10:00:00,33.9,1347.0,71.17995203999999,187.0,185.0,293.0
2024-02-21 11:00:00,33.8,1373.0,72.33985512,192.0,188.0,311.0
2024-02-21 12:00:00,34.4,1480.0,79.3616256,192.0,187.0,324.0
2024-02-21 13:00:00,34.6,1563.0,84.29959224,192.0,199.0,332.0
2024-02-21 14:00:00,34.3,2056.0,109.92782303999999,194.0,199.0,332.0
2024-02-21 15:00:00,34.3,2053.0,109.76742252,192.0,198.0,332.0
2024-02-21 16:00:00,34.3,2248.0,120.19345632,216.0,227.0,356.0
2024-02-21 17:00:00,34.4,2411.0,129.28437792,227.0,232.0,383.0
2024-02-21 18:00:00,34.5,2490.0,133.908714,240.0,263.0,401.0
2024-02-21 19:00:00,34.2,2617.0,139.51478232,249.0,275.0,412.0
2024-02-21 20:00:00,34.2,2617.0,139.51478232,249.0,249.0,418.0
2024-02-21 21:00:00,34.5,2528.0,135.95230080000002,240.0,240.0,400.0
2024-02-21 22:00:00,34.4,2480.0,132.9843456,232.0,235.0,392.0
2024-02-21 23:00:00,34.5,2362.0,127.0250532,219.0,222.0,377.0
2024-02-22 00:00:00,35.2,2231.0,122.41443456000002,206.0,208.0,351.0
2024-02-22 01:00:00,35.3,2212.0,121.71671568,197.0,217.0,337.0
2024-02-22 02:00:00,35.3,2156.0,118.63527983999998,194.0,211.0,324.0
2024-02-22 03:00:00,35.4,2099.0,115.82601048000001,185.0,202.0,316.0
2024-02-22 04:00:00,35.4,2051.0,113.17729752000001,173.0,191.0,303.0
2024-02-22 05:00:00,35.4,1978.0,109.14904656000002,169.0,170.0,295.0
2024-02-22 06:00:00,35.3,1725.0,94.919229,147.0,163.0,265.0
2024-02-22 07:00:00,34.7,1716.0,92.81905776,151.0,153.0,260.0
2024-02-22 08:00:00,34.0,1809.0,95.87555280000001,166.0,169.0,275.0
2024-02-22 09:00:00,34.6,1886.0,101.72042927999999,173.0,178.0,291.0
2024-02-22 10:00:00,34.8,1917.0,103.99004208,176.0,184.0,299.0
2024-02-22 15:00:00,34.8,1015.0,55.0599336,197.0,189.0,216.0
2024-02-22 16:00:00,33.9,1791.0,94.64238612,192.0,198.0,301.0
2024-02-22 17:00:00,33.9,2230.0,117.84060360000001,230.0,239.0,349.0
2024-02-22 18:00:00,34.3,2440.0,130.4590896,262.0,270.0,389.0
2024-02-22 19:00:00,34.1,2568.0,136.50224544,222.0,231.0,404.0
2024-02-22 20:00:00,34.0,2696.0,142.8858432,225.0,235.0,411.0
2024-02-22 21:00:00,34.2,2501.0,133.33071096,201.0,211.0,392.0
2024-02-22 22:00:00,34.5,2306.0,124.0134516,176.0,184.0,374.0
2024-02-22 23:00:00,34.8,2165.0,117.4431096,162.0,171.0,359.0
2024-02-23 00:00:00,34.9,2155.0,117.23656860000001,194.0,202.0,344.0
2024-02-23 01:00:00,35.1,2139.0,117.03298932,192.0,197.0,330.0
2024-02-23 02:00:00,35.0,2075.0,113.20785000000001,185.0,191.0,319.0
2024-02-23 03:00:00,35.0,2013.0,109.82525400000003,179.0,185.0,309.0
2024-02-23 04:00:00,34.9,1952.0,106.19293823999999,174.0,179.0,300.0
2024-02-23 05:00:00,34.9,1891.0,102.87440892000001,169.0,174.0,291.0
2024-02-23 06:00:00,35.0,1764.0,96.240312,159.0,166.0,273.0
2024-02-23 07:00:00,34.7,1778.0,96.17266008000001,159.0,166.0,273.0
2024-02-23 08:00:00,34.6,1850.0,99.77878799999999,169.0,176.0,281.0
2024-02-23 09:00:00,34.1,1914.0,101.73882311999999,179.0,187.0,289.0
2024-02-23 10:00:00,33.9,1933.0,102.14613756,185.0,188.0,297.0
2024-02-23 11:00:00,34.1,1864.0,99.08106911999998,188.0,197.0,311.0
2024-02-23 12:00:00,34.1,2008.0,106.73540064,192.0,196.0,311.0
2024-02-23 13:00:00,34.0,2046.0,108.43636320000002,194.0,200.0,318.0
2024-02-23 14:00:00,34.2,2044.0,108.96760223999999,192.0,199.0,325.0
2024-02-23 15:00:00,34.3,2050.0,109.607022,188.0,198.0,323.0
2024-02-23 16:00:00,34.5,2033.0,109.3318938,192.0,200.0,329.0
2024-02-23 17:00:00,34.8,2190.0,118.7992656,200.0,211.0,346.0
2024-02-23 18:00:00,34.1,2463.0,130.92096203999998,235.0,244.0,398.0
2024-02-23 19:00:00,34.0,2605.0,138.06291600000003,244.0,253.0,411.0
2024-02-23 20:00:00,33.9,2627.0,138.81940164,247.0,256.0,415.0
2024-02-23 21:00:00,34.1,2587.0,137.51219196,240.0,247.0,412.0
2024-02-23 22:00:00,34.1,2485.0,132.09037379999998,235.0,239.0,398.0
2024-02-23 23:00:00,34.3,2400.0,128.32041600000002,222.0,229.0,382.0
2024-02-24 00:00:00,34.5,2317.0,124.60501620000001,213.0,219.0,361.0
2024-02-24 01:00:00,34.8,2237.0,121.34883888000002,204.0,210.0,340.0
2024-02-24 02:00:00,35.0,2156.0,117.62704800000002,196.0,202.0,319.0
2024-02-24 03:00:00,35.3,2077.0,114.28825427999999,187.0,193.0,299.0
2024-02-24 04:00:00,35.6,1998.0,110.87557343999998,179.0,185.0,279.0
2024-02-24 05:00:00,35.0,1966.0,107.26102800000002,176.0,178.0,273.0
2024-02-24 06:00:00,34.9,1801.0,97.97821812000001,159.0,165.0,253.0
2024-02-24 07:00:00,34.5,1909.0,102.6633474,169.0,174.0,271.0
2024-02-24 08:00:00,34.3,1966.0,105.11580744,179.0,184.0,283.0
2024-02-24 09:00:00,34.4,2021.0,108.37151712,179.0,186.0,293.0
2024-02-24 10:00:00,34.0,2113.0,111.98730960000002,192.0,197.0,334.0
2024-02-24 11:00:00,34.1,2093.0,111.25358243999999,194.0,201.0,351.0
2024-02-24 12:00:00,33.9,2220.0,117.31217040000001,203.0,210.0,362.0
2024-02-24 13:00:00,33.0,2237.0,115.07217480000001,206.0,209.0,368.0
2024-02-24 14:00:00,34.0,2234.0,118.4002128,203.0,210.0,365.0
2024-02-24 15:00:00,34.1,2142.0,113.85818135999999,203.0,207.0,360.0
2024-02-24 16:00:00,34.4,2058.0,110.35555776000001,200.0,206.0,355.0
2024-02-24 17:00:00,34.4,2196.0,117.75549311999998,206.0,212.0,368.0
2024-02-24 18:00:00,33.7,2424.0,127.33650144000002,235.0,241.0,404.0
2024-02-24 19:00:00,34.2,2543.0,135.56977128,247.0,253.0,414.0
2024-02-24 20:00:00,34.2,2580.0,137.5422768,249.0,255.0,423.0
2024-02-24 21:00:00,34.3,2568.0,137.30284512,242.0,249.0,417.0
2024-02-24 22:00:00,34.3,2502.0,133.77403368,235.0,242.0,405.0
2024-02-24 23:00:00,34.8,2409.0,130.67919216,222.0,229.0,386.0
2024-02-25 00:00:00,34.5,2299.0,123.6370014,214.0,221.0,374.0
2024-02-25 01:00:00,34.6,2253.0,121.51438343999999,209.0,214.0,349.0
2024-02-25 02:00:00,34.5,2191.0,117.8289126,204.0,208.0,337.0
2024-02-25 03:00:00,34.3,2132.0,113.99130288,198.0,202.0,329.0
2024-02-25 04:00:00,34.2,2073.0,110.51362008,193.0,197.0,319.0
2024-02-25 05:00:00,34.1,2015.0,107.10748619999998,188.0,192.0,309.0
2024-02-25 06:00:00,34.6,1861.0,100.37206727999998,173.0,178.0,299.0
2024-02-25 07:00:00,34.4,1893.0,101.50780896,182.0,185.0,305.0
2024-02-25 08:00:00,34.3,1707.0,91.26789588,251.0,248.0,311.0
2024-02-25 09:00:00,34.0,1708.0,90.5226336,249.0,248.0,316.0
2024-02-25 10:00:00,33.9,1766.0,93.32130312,260.0,258.0,330.0
2024-02-25 11:00:00,33.5,1838.0,95.97999240000001,269.0,267.0,344.0
2024-02-25 12:00:00,33.4,1896.0,98.71319232000002,271.0,282.0,360.0
2024-02-25 13:00:00,34.2,2052.0,109.39408992,283.0,303.0,381.0
2024-02-25 14:00:00,34.5,2049.0,110.1923514,283.0,300.0,386.0
2024-02-25 15:00:00,35.1,2036.0,111.39745968,277.0,296.0,383.0
2024-02-25 16:00:00,35.2,2000.0,109.73952000000001,273.0,289.0,368.0
2024-02-25 17:00:00,35.5,2142.0,118.53271079999999,200.0,221.0,357.0
2024-02-25 18:00:00,35.1,2281.0,124.80236028,225.0,247.0,403.0
2024-02-25 19:00:00,34.4,2400.0,128.694528,240.0,263.0,425.0
2024-02-25 20:00:00,34.2,2466.0,131.46482736,244.0,267.0,437.0
2024-02-25 21:00:00,34.1,2502.0,132.99401016,242.0,246.0,415.0
2024-02-25 22:00:00,34.5,2467.0,132.6718062,231.0,235.0,366.0
2024-02-25 23:00:00,34.2,2408.0,128.37279168,222.0,225.0,345.0
2024-02-26 00:00:00,35.4,2151.0,118.69544952000001,203.0,206.0,359.0
2024-02-26 01:00:00,34.9,2101.0,114.29885412000002,197.0,201.0,349.0
2024-02-26 02:00:00,34.8,2076.0,112.61519424000002,195.0,198.0,332.0
2024-02-26 03:00:00,34.9,2051.0,111.57874812000003,192.0,195.0,329.0
2024-02-26 04:00:00,34.9,2019.0,109.83788028000001,188.0,191.0,325.0
2024-02-26 05:00:00,35.0,2004.0,109.33423200000003,179.0,180.0,314.0
2024-02-26 06:00:00,35.3,1769.0,97.34035715999998,155.0,160.0,285.0
2024-02-26 07:00:00,34.6,1736.0,93.63025728,155.0,160.0,269.0
2024-02-26 08:00:00,34.1,1827.0,97.11433115999999,166.0,181.0,281.0
2024-02-26 09:00:00,33.8,1910.0,100.63301039999999,173.0,191.0,293.0
2024-02-26 10:00:00,34.1,1775.0,94.35026699999999,179.0,197.0,305.0
2024-02-26 11:00:00,34.0,1904.0,100.91047680000001,185.0,193.0,320.0
2024-02-26 12:00:00,34.1,1958.0,104.07764663999998,188.0,196.0,330.0
2024-02-26 13:00:00,34.0,2076.0,110.0263392,197.0,204.0,337.0
2024-02-26 14:00:00,34.2,2099.0,111.89970503999999,197.0,217.0,336.0
2024-02-26 15:00:00,34.5,2095.0,112.66616700000002,194.0,217.0,334.0
2024-02-26 16:00:00,34.8,2092.0,113.48313408000001,194.0,202.0,337.0
2024-02-26 17:00:00,34.9,2189.0,119.08624068000002,203.0,221.0,349.0
2024-02-26 18:00:00,35.1,2227.0,121.84781075999999,221.0,225.0,352.0
2024-02-26 19:00:00,35.1,2280.0,124.7476464,235.0,245.0,362.0
2024-02-26 20:00:00,35.2,2565.0,140.74093440000001,245.0,252.0,371.0
2024-02-26 21:00:00,34.8,2511.0,136.21230864,240.0,255.0,381.0
2024-02-26 22:00:00,34.2,2524.0,134.55686304,242.0,263.0,400.0
2024-02-26 23:00:00,34.6,2445.0,131.8698036,232.0,251.0,388.0
2024-02-27 00:00:00,34.6,2383.0,128.52586584,222.0,243.0,377.0
2024-02-27 01:00:00,34.8,2228.0,120.86062272000001,217.0,235.0,363.0
2024-02-27 02:00:00,34.5,2203.0,118.47425580000001,211.0,222.0,341.0
2024-02-27 03:00:00,34.6,2137.0,115.25798376,205.0,212.0,332.0
2024-02-27 04:00:00,34.6,2062.0,111.21289776,195.0,197.0,321.0
2024-02-27 05:00:00,34.7,1971.0,106.61209956,182.0,197.0,309.0
2024-02-27 06:00:00,35.2,1695.0,93.00424320000002,159.0,175.0,279.0
2024-02-27 07:00:00,34.6,1735.0,93.5763228,159.0,175.0,262.0
2024-02-27 08:00:00,34.0,1635.0,86.653692,176.0,186.0,283.0
2024-02-27 09:00:00,34.7,1489.0,80.54054604000001,173.0,202.0,295.0
2024-02-27 10:00:00,34.6,1393.0,75.13073064,176.0,207.0,307.0
2024-02-27 11:00:00,34.7,1401.0,75.78059436000001,182.0,202.0,316.0
2024-02-27 12:00:00,34.8,1425.0,77.300892,189.0,212.0,319.0
2024-02-28 00:00:00,34.6,737.0,39.74971176,75.0,90.0,232.0
2024-02-28 01:00:00,34.6,1107.0,59.705469359999995,61.0,112.0,231.0
2024-02-28 02:00:00,34.8,1256.0,68.13327744,67.0,140.0,217.0
2024-02-28 03:00:00,34.8,1341.0,72.74420784,112.0,151.0,311.0
2024-02-28 04:00:00,34.1,1433.0,76.17122963999999,122.0,159.0,319.0
2024-02-28 05:00:00,33.8,1743.0,91.83420791999998,135.0,163.0,325.0
2024-02-28 06:00:00,33.9,1611.0,85.13058852,126.0,156.0,312.0
2024-02-28 07:00:00,34.0,1693.0,89.7276456,126.0,156.0,307.0
2024-02-28 08:00:00,33.7,1773.0,93.13845588000001,139.0,170.0,321.0
2024-02-28 09:00:00,33.9,1686.0,89.09383752,143.0,173.0,327.0
2024-02-28 10:00:00,34.0,1600.0,84.79872,145.0,176.0,338.0
2024-02-28 11:00:00,34.1,1410.0,74.9486628,147.0,176.0,241.0
2024-02-28 12:00:00,34.0,1460.0,77.378832,151.0,178.0,344.0
2024-02-28 13:00:00,34.2,1443.0,76.92771528,152.0,178.0,347.0
2024-02-28 14:00:00,34.3,1425.0,76.190247,154.0,194.0,350.0
2024-02-28 15:00:00,34.5,1413.0,75.9891618,155.0,202.0,352.0
2024-02-28 16:00:00,33.6,1409.0,73.79733312000002,149.0,222.0,350.0
2024-02-28 17:00:00,33.2,1411.0,73.02229776000001,147.0,178.0,342.0
2024-02-28 18:00:00,33.9,1716.0,90.67913712000001,188.0,217.0,47.0
2024-02-28 19:00:00,34.0,1872.0,99.21450240000001,211.0,239.0,448.0
2024-02-28 20:00:00,33.5,1895.0,98.95652100000001,256.0,276.0,454.0
2024-02-28 21:00:00,33.6,1842.0,96.47600256000001,252.0,273.0,435.0
2024-02-28 22:00:00,33.9,1892.0,99.97956144,249.0,266.0,421.0
2024-02-28 23:00:00,34.1,1822.0,96.84855575999998,235.0,253.0,410.0
2024-02-29 00:00:00,35.0,1780.0,97.11324000000002,232.0,246.0,381.0
2024-02-29 01:00:00,35.1,1721.0,94.16258748,225.0,231.0,362.0
2024-02-29 02:00:00,35.1,1603.0,87.70634964,197.0,216.0,349.0
2024-02-29 03:00:00,35.2,1556.0,85.37734656,194.0,185.0,338.0
2024-02-29 04:00:00,35.3,1528.0,84.07917791999999,173.0,164.0,324.0
2024-02-29 05:00:00,35.4,1449.0,79.95802248000001,164.0,151.0,303.0
2024-02-29 06:00:00,35.2,1251.0,68.64206976,126.0,142.0,295.0
2024-02-29 07:00:00,34.5,1307.0,70.2886302,162.0,178.0,279.0
2024-02-29 08:00:00,34.5,1387.0,74.5909182,176.0,193.0,289.0
2024-02-29 09:00:00,34.7,1420.0,76.8083112,179.0,199.0,293.0
2024-02-29 10:00:00,34.9,1412.0,76.81579344000001,182.0,206.0,311.0
2024-02-29 11:00:00,35.5,1377.0,76.19959979999999,185.0,206.0,318.0
2024-02-29 12:00:00,35.2,1404.0,77.03714304,187.0,194.0,328.0
2024-02-29 13:00:00,34.4,1457.0,78.12830303999999,194.0,186.0,337.0
2024-02-29 14:00:00,34.8,1397.0,75.78199728,188.0,210.0,336.0
2024-02-29 15:00:00,34.6,1314.0,70.86990671999999,194.0,216.0,336.0
2024-02-29 16:00:00,33.4,1348.0,70.18216416,200.0,218.0,336.0
2024-02-29 17:00:00,33.8,1469.0,77.39784936,209.0,225.0,359.0
2024-02-29 18:00:00,35.2,1631.0,89.49257856,219.0,236.0,391.0
2024-02-29 19:00:00,34.7,1827.0,98.82308772,240.0,262.0,408.0
2024-02-29 20:00:00,34.7,1831.0,99.03944916,237.0,259.0,414.0
2024-02-29 21:00:00,35.0,1771.0,96.62221800000002,229.0,247.0,389.0
2024-02-29 22:00:00,35.3,1683.0,92.60815212,217.0,235.0,371.0
2024-02-29 23:00:00,35.5,1600.0,88.53984,203.0,223.0,368.0
2024-03-01 00:00:00,35.7,1482.0,82.47205512000001,194.0,210.0,342.0
2024-03-01 01:00:00,35.5,1497.0,82.84008779999999,188.0,206.0,332.0
2024-03-01 02:00:00,35.4,1509.0,83.26891368000001,183.0,202.0,329.0
2024-03-01 03:00:00,35.3,1422.0,78.24646007999999,176.0,190.0,299.0
2024-03-01 04:00:00,35.3,1502.0,82.64851127999998,173.0,187.0,290.0
2024-03-01 05:00:00,35.3,1367.0,75.22004987999999,168.0,180.0,287.0
2024-03-01 06:00:00,35.7,1184.0,65.88860544,143.0,159.0,265.0
2024-03-01 07:00:00,34.7,1238.0,66.96386568000001,151.0,166.0,260.0
2024-03-01 08:00:00,35.2,1283.0,70.39790208000001,161.0,181.0,279.0
2024-03-01 09:00:00,35.1,1318.0,72.11289384,169.0,189.0,287.0
2024-03-01 10:00:00,35.2,1349.0,74.01930623999999,173.0,192.0,295.0
2024-03-01 11:00:00,35.2,1318.0,72.31834368,169.0,192.0,301.0
2024-03-01 12:00:00,35.0,1362.0,74.30799600000002,176.0,198.0,303.0
2024-03-01 13:00:00,34.8,1409.0,76.43295216,179.0,200.0,316.0
2024-03-01 14:00:00,34.8,1442.0,78.22307808000001,183.0,209.0,320.0
2024-03-01 16:00:00,34.6,246.0,13.26788208,194.0,221.0,347.0
2024-03-01 17:00:00,33.5,1580.0,82.507284,230.0,254.0,400.0
2024-03-01 18:00:00,34.1,1772.0,94.19080175999999,244.0,264.0,417.0
2024-03-01 19:00:00,34.0,1888.0,100.0624896,249.0,286.0,422.0
2024-03-01 20:00:00,33.9,1939.0,102.46319747999999,242.0,278.0,423.0
2024-03-01 21:00:00,34.0,1893.0,100.3274856,232.0,249.0,410.0
2024-03-01 22:00:00,34.0,1825.0,96.72354000000001,232.0,249.0,410.0
2024-03-01 23:00:00,34.4,1782.0,95.55568704000001,222.0,259.0,392.0
2024-03-02 00:00:00,34.7,1682.0,90.97998552000001,211.0,246.0,379.0
2024-03-02 01:00:00,34.7,1636.0,88.49182896,209.0,232.0,368.0
2024-03-02 02:00:00,34.9,1600.0,87.04339200000001,194.0,225.0,352.0
2024-03-02 03:00:00,35.1,1533.0,83.87637803999999,188.0,217.0,330.0
2024-03-02 04:00:00,35.3,1462.0,80.44748568,173.0,191.0,316.0
2024-03-02 05:00:00,35.6,1377.0,76.41424656,159.0,186.0,289.0
2024-03-02 06:00:00,35.3,1313.0,72.24866531999999,151.0,187.0,283.0
2024-03-02 07:00:00,34.6,1385.0,74.6992548,162.0,186.0,287.0
2024-03-02 08:00:00,34.2,1431.0,76.28798376,169.0,185.0,301.0
2024-03-02 09:00:00,34.2,1476.0,78.68697696,179.0,195.0,303.0
2024-03-02 10:00:00,34.0,1551.0,82.2017592,188.0,206.0,337.0
2024-03-02 11:00:00,34.0,1536.0,81.40677120000001,194.0,212.0,352.0
2024-03-02 12:00:00,34.0,1562.0,82.78475040000001,197.0,216.0,365.0
2024-03-02 13:00:00,34.0,1600.0,84.79872,203.0,221.0,370.0
2024-03-02 14:00:00,33.8,1656.0,87.25040063999998,206.0,227.0,373.0
2024-03-02 15:00:00,34.1,1677.0,89.14106916,214.0,215.0,373.0
2024-03-02 16:00:00,34.3,1651.0,88.27375284000001,209.0,212.0,360.0
2024-03-02 17:00:00,34.6,1664.0,89.74697472,209.0,214.0,363.0
2024-03-02 18:00:00,34.3,1815.0,97.0423146,242.0,241.0,405.0
2024-03-02 19:00:00,34.1,1937.0,102.96138995999999,253.0,255.0,433.0
2024-03-02 20:00:00,34.0,1973.0,104.5674216,262.0,260.0,441.0
2024-03-02 21:00:00,34.1,1893.0,100.62256643999999,225.0,226.0,434.0
2024-03-02 22:00:00,34.2,1820.0,97.0259472,247.0,245.0,414.0
2024-03-02 23:00:00,34.1,1806.0,95.99807447999999,237.0,236.0,397.0
2024-03-03 00:00:00,34.7,1691.0,91.46679876,225.0,224.0,377.0
2024-03-03 01:00:00,34.8,1630.0,88.42137120000001,217.0,215.0,368.0
2024-03-03 02:00:00,34.9,1568.0,85.30252416,210.0,208.0,352.0
2024-03-03 03:00:00,34.8,1507.0,81.74908368000001,203.0,199.0,341.0
2024-03-03 04:00:00,34.9,1447.0,78.71986764,192.0,190.0,327.0
2024-03-03 05:00:00,34.9,1401.0,76.21737012,183.0,185.0,319.0
2024-03-03 06:00:00,34.9,1345.0,73.1708514,176.0,180.0,312.0
2024-03-03 07:00:00,35.0,1319.0,71.96200200000001,182.0,184.0,307.0
2024-03-03 08:00:00,35.3,935.0,51.448973399999986,131.0,136.0,271.0
2024-03-03 09:00:00,35.1,1267.0,69.32248596,131.0,135.0,269.0
2024-03-03 10:00:00,34.8,1373.0,74.48008752,159.0,163.0,267.0
2024-03-03 11:00:00,34.7,1379.0,74.59060644,188.0,192.0,269.0
2024-03-03 12:00:00,34.5,1760.0,94.65033600000001,192.0,196.0,281.0
2024-03-03 13:00:00,34.2,1847.0,98.46534312,197.0,204.0,297.0
2024-03-03 14:00:00,33.8,1928.0,101.58138431999998,206.0,211.0,312.0
2024-03-03 15:00:00,34.0,1759.0,93.2255928,209.0,215.0,318.0
2024-03-03 16:00:00,34.3,1550.0,82.873602,214.0,217.0,323.0
2024-03-03 17:00:00,34.4,1464.0,78.50366208,200.0,203.0,342.0
2024-03-03 18:00:00,33.9,1639.0,86.61020148,217.0,220.0,370.0
2024-03-03 19:00:00,33.8,1739.0,91.62345816,235.0,229.0,386.0
2024-03-03 23:00:00,35.9,187.0,10.46469204,33.0,35.0,167.0
2024-03-04 00:00:00,35.7,170.0,9.4603572,33.0,35.0,153.0
2024-03-04 17:00:00,34.9,910.0,49.5059292,200.0,191.0,323.0
2024-03-04 18:00:00,33.9,1942.0,102.62172744,230.0,232.0,386.0
2024-03-04 19:00:00,34.1,2180.0,115.87807439999999,238.0,239.0,403.0
2024-03-04 20:00:00,34.3,2420.0,129.3897528,247.0,251.0,429.0
2024-03-04 21:00:00,34.4,2328.0,124.83369216,239.0,245.0,413.0
2024-03-04 22:00:00,34.5,2251.0,121.05562860000002,230.0,233.0,397.0
2024-03-04 23:00:00,34.3,2164.0,115.70224176,221.0,223.0,381.0
2024-03-05 00:00:00,34.8,2077.0,112.66944047999999,209.0,211.0,363.0
2024-03-05 01:00:00,35.1,1991.0,108.93533507999999,197.0,200.0,341.0
2024-03-05 02:00:00,35.1,1931.0,105.65250228,191.0,191.0,329.0
2024-03-05 03:00:00,35.0,1873.0,102.18713400000001,185.0,185.0,312.0
2024-03-05 04:00:00,35.0,1834.0,100.05937200000002,179.0,180.0,303.0
2024-03-05 05:00:00,35.1,1796.0,98.26612847999999,173.0,175.0,295.0
2024-03-05 06:00:00,35.2,1570.0,86.14552320000001,151.0,155.0,267.0
2024-03-05 07:00:00,34.4,1565.0,83.91955680000001,155.0,162.0,265.0
2024-03-05 08:00:00,34.5,1532.0,82.38881520000001,126.0,143.0,275.0
2024-03-05 09:00:00,34.5,1620.0,87.121332,139.0,151.0,285.0
2024-03-05 10:00:00,34.7,1660.0,89.7899976,139.0,156.0,299.0
2024-03-05 11:00:00,34.5,1713.0,92.1227418,145.0,159.0,301.0
2024-03-05 12:00:00,34.0,1751.0,92.8015992,151.0,168.0,305.0
2024-03-05 13:00:00,34.1,1766.0,93.87187127999998,151.0,167.0,311.0
2024-03-05 14:00:00,34.0,1757.0,93.11959440000001,155.0,169.0,314.0
2024-03-05 15:00:00,33.9,1815.0,95.91062579999999,188.0,195.0,314.0
2024-03-05 16:00:00,34.3,1842.0,98.48591928,188.0,196.0,320.0
2024-03-05 17:00:00,34.6,1924.0,103.76993952000001,194.0,217.0,332.0
2024-03-05 18:00:00,34.0,2212.0,117.2342304,230.0,256.0,383.0
2024-03-05 19:00:00,34.1,2397.0,127.41272676,242.0,267.0,418.0
2024-03-05 20:00:00,33.7,2494.0,131.01371064,251.0,275.0,430.0
2024-03-05 21:00:00,34.0,2465.0,130.64302800000002,242.0,261.0,425.0
2024-03-05 22:00:00,33.9,2395.0,126.5597514,232.0,242.0,415.0
2024-03-05 23:00:00,34.0,2343.0,124.17712560000001,225.0,231.0,401.0
2024-03-06 00:00:00,34.6,2107.0,113.63994935999999,211.0,218.0,379.0
2024-03-06 01:00:00,34.5,2119.0,113.9568534,209.0,226.0,369.0
2024-03-06 02:00:00,34.7,2081.0,112.56203916000001,201.0,221.0,354.0
2024-03-06 03:00:00,35.0,1951.0,106.44265800000002,189.0,212.0,321.0
2024-03-06 04:00:00,35.1,1914.0,104.72236631999999,173.0,182.0,301.0
2024-03-06 05:00:00,35.4,1739.0,95.96066328,159.0,166.0,295.0
2024-03-06 06:00:00,35.3,1683.0,92.60815211999999,151.0,175.0,291.0
2024-03-06 07:00:00,35.1,1745.0,95.47572059999999,162.0,181.0,297.0
2024-03-06 08:00:00,34.5,1895.0,101.910447,182.0,202.0,327.0
2024-03-06 09:00:00,34.5,1915.0,102.986019,188.0,207.0,332.0
2024-03-06 10:00:00,34.3,1877.0,100.35725868,192.0,212.0,346.0
2024-03-06 11:00:00,34.0,1971.0,104.46142320000001,200.0,221.0,362.0
2024-03-06 12:00:00,34.5,2024.0,108.8478864,203.0,225.0,370.0
2024-03-06 13:00:00,34.3,2102.0,112.38729767999999,209.0,230.0,377.0
2024-03-06 14:00:00,34.1,2111.0,112.21037387999999,206.0,226.0,380.0
2024-03-06 15:00:00,34.8,2050.0,111.204792,203.0,226.0,379.0
2024-03-06 16:00:00,34.9,2078.0,113.04760536,197.0,221.0,368.0
2024-03-06 17:00:00,35.2,2092.0,114.78753792,197.0,221.0,370.0
2024-03-06 18:00:00,33.9,2614.0,138.13243848,232.0,256.0,414.0
2024-03-06 19:00:00,34.7,2618.0,141.60856248,247.0,267.0,430.0
2024-03-06 20:00:00,34.9,2650.0,144.165618,249.0,271.0,441.0
2024-03-06 21:00:00,34.6,2637.0,142.22522376,247.0,271.0,432.0
2024-03-06 22:00:00,34.5,2487.0,133.7473782,232.0,251.0,410.0
2024-03-06 23:00:00,34.5,2428.0,130.57444080000002,225.0,243.0,400.0
2024-03-07 00:00:00,35.1,2292.0,125.40421296,217.0,235.0,386.0
2024-03-07 01:00:00,35.0,2247.0,122.59182600000003,212.0,222.0,377.0
2024-03-07 02:00:00,35.0,2153.0,117.46337400000002,205.0,215.0,361.0
2024-03-07 03:00:00,35.0,2114.0,115.33561200000003,200.0,219.0,341.0
2024-03-07 04:00:00,35.1,2011.0,110.02961267999999,350.0,332.0,230.0
2024-03-07 05:00:00,35.0,1998.0,109.00688400000001,370.0,320.0,217.0
2024-03-07 06:00:00,35.1,1821.0,99.63397548,338.0,295.0,194.0
2024-03-07 07:00:00,34.6,1873.0,101.01928104000001,353.0,297.0,192.0
2024-03-07 08:00:00,34.0,1975.0,104.67342000000002,383.0,311.0,197.0
2024-03-07 09:00:00,34.9,2028.0,110.32749936,399.0,318.0,197.0
2024-03-07 10:00:00,34.9,1971.0,107.22657852000002,389.0,316.0,195.0
2024-03-07 11:00:00,34.9,1931.0,105.05049372000002,402.0,312.0,194.0
2024-03-07 12:00:00,34.8,1450.0,78.657048,256.0,188.0,166.0
2024-03-07 13:00:00,34.4,1581.0,84.77752032,303.0,200.0,173.0
2024-03-07 14:00:00,33.0,1679.0,86.36843160000001,329.0,209.0,176.0
2024-03-07 15:00:00,34.5,1765.0,94.919229,329.0,214.0,182.0
2024-03-07 16:00:00,34.4,1977.0,106.01211744,371.0,229.0,195.0
2024-03-07 17:00:00,34.5,2139.0,115.03242540000001,414.0,244.0,219.0
2024-03-07 18:00:00,35.0,2155.0,117.57249000000002,452.0,329.0,227.0
2024-03-07 19:00:00,33.9,2361.0,124.76307852,251.0,365.0,240.0
2024-03-07 20:00:00,34.0,2432.0,128.89405440000002,235.0,251.0,377.0
2024-03-07 21:00:00,34.1,2434.0,129.37946472,225.0,243.0,370.0
2024-03-07 22:00:00,34.6,2329.0,125.61340392000001,213.0,229.0,355.0
2024-03-07 23:00:00,34.8,2172.0,117.82283328,205.0,219.0,331.0
2024-03-08 00:00:00,34.3,1960.0,100.823184,188.0,202.0,303.0
2024-03-08 01:00:00,34.4,1912.0,98.35404480000003,179.0,196.0,291.0
2024-03-08 02:00:00,34.6,1876.0,96.50219040000002,173.0,195.0,271.0
2024-03-08 03:00:00,34.7,1832.0,94.2388128,169.0,188.0,269.0
2024-03-08 04:00:00,34.4,1804.0,92.7984816,173.0,181.0,267.0
2024-03-08 05:00:00,34.3,1798.0,92.4898392,173.0,173.0,269.0
2024-03-08 06:00:00,34.7,1574.0,80.96718960000001,147.0,151.0,247.0
2024-03-08 07:00:00,33.7,1693.0,87.08859720000001,159.0,169.0,258.0
2024-03-08 08:00:00,33.5,1796.0,92.3869584,173.0,186.0,271.0
2024-03-08 09:00:00,33.9,1856.0,95.4733824,157.0,174.0,279.0
2024-03-08 10:00:00,34.8,1858.0,95.5762632,147.0,163.0,285.0
2024-03-08 11:00:00,34.8,1914.0,98.4569256,149.0,174.0,296.0
2024-03-08 12:00:00,34.9,1942.0,99.89725680000001,167.0,187.0,301.0
2024-03-08 13:00:00,34.9,1959.0,100.77174360000001,179.0,195.0,305.0
2024-03-08 14:00:00,34.9,1971.0,101.3890284,182.0,197.0,309.0
2024-03-08 15:00:00,35.1,1919.0,98.71412760000001,182.0,202.0,307.0
2024-03-08 16:00:00,35.3,1951.0,100.3602204,182.0,202.0,295.0
2024-03-08 17:00:00,35.3,1992.0,102.46927680000002,192.0,212.0,320.0
2024-03-08 18:00:00,34.4,2163.0,111.2655852,227.0,247.0,368.0
2024-03-08 19:00:00,34.3,2330.0,119.856132,242.0,263.0,392.0
2024-03-08 20:00:00,34.2,2392.0,123.0454368,244.0,263.0,398.0
2024-03-08 21:00:00,34.2,2438.0,125.4116952,237.0,259.0,391.0
2024-03-08 22:00:00,34.3,2414.0,124.1771256,232.0,256.0,385.0
2024-03-08 23:00:00,35.1,2256.0,116.04954240000002,217.0,235.0,360.0
2024-03-09 00:00:00,35.4,2146.0,110.3910984,206.0,226.0,346.0
2024-03-09 01:00:00,35.6,2080.0,106.99603200000001,201.0,222.0,340.0
2024-03-09 02:00:00,35.6,2034.0,104.62977360000001,196.0,214.0,316.0
2024-03-09 03:00:00,35.7,1988.0,102.2635152,185.0,207.0,299.0
2024-03-09 04:00:00,35.5,2067.0,106.3273068,179.0,226.0,287.0
2024-03-09 05:00:00,35.3,1887.0,97.0680348,173.0,186.0,283.0
2024-03-09 06:00:00,34.6,1723.0,88.6318092,155.0,169.0,265.0
2024-03-09 07:00:00,34.0,1796.0,92.38695840000001,162.0,175.0,271.0
2024-03-09 08:00:00,34.3,1837.0,94.49601480000001,173.0,186.0,277.0
2024-03-09 09:00:00,35.0,1809.0,93.05568360000001,166.0,181.0,269.0
2024-03-09 10:00:00,35.2,1791.0,92.12975640000002,164.0,179.0,269.0
2024-03-09 11:00:00,34.8,1749.0,89.96925960000002,162.0,175.0,269.0
2024-03-09 12:00:00,34.9,1851.0,95.21618040000001,162.0,181.0,283.0
2024-03-09 13:00:00,35.0,1902.0,97.83964080000001,164.0,185.0,287.0
2024-03-09 14:00:00,35.0,1917.0,98.6112468,169.0,189.0,293.0
2024-03-09 15:00:00,34.8,1981.0,101.90343240000001,173.0,197.0,311.0
2024-03-09 16:00:00,34.5,2111.0,108.5906844,186.0,219.0,339.0
2024-03-09 17:00:00,34.3,2205.0,113.42608200000001,193.0,227.0,346.0
2024-03-09 18:00:00,34.2,2263.0,116.40962520000002,211.0,235.0,355.0
2024-03-09 19:00:00,34.3,2389.0,122.89111560000002,222.0,243.0,373.0
2024-03-09 20:00:00,34.5,2439.0,125.46313560000002,230.0,252.0,382.0
2024-03-09 21:00:00,34.5,2409.0,123.9199236,219.0,244.0,374.0
2024-03-09 22:00:00,34.9,2334.0,120.0618936,211.0,230.0,357.0
2024-03-09 23:00:00,35.0,2181.0,112.19151240000001,197.0,217.0,339.0
2024-03-10 00:00:00,35.3,2145.0,110.33965800000001,194.0,212.0,332.0
2024-03-10 01:00:00,35.3,2131.0,109.6194924,187.0,202.0,324.0
2024-03-10 02:00:00,35.5,2076.0,106.79027040000001,173.0,197.0,316.0
2024-03-10 03:00:00,35.6,1986.0,102.1606344,171.0,187.0,293.0
2024-03-10 04:00:00,35.3,1870.0,96.193548,169.0,186.0,281.0
2024-03-10 05:00:00,34.9,1795.0,92.33551800000001,159.0,175.0,269.0
2024-03-10 06:00:00,35.0,1800.0,92.59272000000001,162.0,179.0,274.0
2024-03-10 07:00:00,35.1,1804.0,92.7984816,166.0,181.0,277.0
2024-03-10 08:00:00,34.5,1828.0,94.03305120000002,169.0,186.0,289.0
2024-03-10 09:00:00,34.6,1883.0,96.8622732,176.0,202.0,299.0
2024-03-10 10:00:00,34.3,1964.0,101.02894560000001,185.0,207.0,316.0
2024-03-10 11:00:00,34.8,2028.0,104.32113120000001,192.0,216.0,325.0
2024-03-10 12:00:00,34.6,2098.0,107.9219592,197.0,221.0,339.0
2024-03-10 13:00:00,34.4,2166.0,111.4199064,200.0,222.0,349.0
2024-03-10 14:00:00,34.2,2176.0,111.93431040000002,203.0,224.0,354.0
2024-03-10 15:00:00,34.2,2194.0,112.8602376,204.0,226.0,359.0
2024-03-10 16:00:00,34.0,2187.0,112.50015480000002,206.0,221.0,365.0
2024-03-10 17:00:00,34.2,2142.0,110.18533680000002,206.0,259.0,360.0
2024-03-10 18:00:00,34.0,2435.0,125.257374,235.0,271.0,405.0
2024-03-10 19:00:00,34.3,2531.0,130.1956524,247.0,267.0,412.0
2024-03-10 20:00:00,34.6,2541.0,130.7100564,242.0,256.0,417.0
2024-03-10 21:00:00,34.9,2456.0,126.33762240000001,234.0,243.0,397.0
2024-03-10 22:00:00,35.0,2352.0,120.98782080000001,222.0,243.0,385.0
2024-03-10 23:00:00,35.2,2239.0,115.17505560000001,211.0,230.0,370.0
2024-03-11 00:00:00,34.7,2152.0,110.6997408,203.0,221.0,357.0
2024-03-11 01:00:00,34.8,2070.0,106.48162800000001,197.0,212.0,339.0
2024-03-11 02:00:00,34.9,2020.0,103.909608,188.0,207.0,325.0
2024-03-11 03:00:00,34.9,1991.0,102.41783640000001,186.0,205.0,320.0
2024-03-11 04:00:00,35.0,1981.0,101.90343240000001,185.0,202.0,312.0
2024-03-11 05:00:00,35.2,1939.0,99.74293560000001,176.0,197.0,309.0
2024-03-11 06:00:00,35.5,1692.0,87.0371568,155.0,169.0,273.0
2024-03-11 07:00:00,34.6,1697.0,87.29435880000001,155.0,169.0,265.0
2024-03-11 08:00:00,34.0,1824.0,93.8272896,173.0,180.0,281.0
2024-03-11 09:00:00,34.0,1850.0,95.16474000000001,179.0,187.0,293.0
2024-03-11 10:00:00,34.0,1884.0,96.91371360000001,185.0,192.0,299.0
2024-03-11 11:00:00,34.3,1781.0,91.6153524,182.0,195.0,311.0
2024-03-11 12:00:00,34.1,1986.0,102.16063440000002,192.0,201.0,310.0
2024-03-11 13:00:00,34.1,2042.0,105.04129680000001,188.0,195.0,330.0
2024-03-11 14:00:00,33.8,2058.0,105.86434320000001,188.0,198.0,332.0
2024-03-11 15:00:00,33.6,2052.0,105.55570080000001,192.0,197.0,330.0
2024-03-11 16:00:00,34.1,2120.0,109.05364800000001,188.0,198.0,341.0
2024-03-11 17:00:00,34.4,2179.0,112.08863160000001,188.0,199.0,351.0
2024-03-11 18:00:00,34.9,2447.0,125.87465880000002,235.0,245.0,401.0
2024-03-11 19:00:00,34.7,2584.0,132.9219936,251.0,257.0,419.0
2024-03-11 20:00:00,34.3,2740.0,140.94669600000003,262.0,270.0,439.0
2024-03-11 21:00:00,35.2,2705.0,139.146282,256.0,262.0,429.0
2024-03-11 22:00:00,35.0,2571.0,132.25326840000002,242.0,250.0,408.0
2024-03-11 23:00:00,35.1,2451.0,126.08042040000001,232.0,240.0,394.0
2024-03-12 00:00:00,34.6,2373.0,122.06806920000002,225.0,232.0,380.0
2024-03-12 01:00:00,34.5,2324.0,119.5474896,218.0,224.0,267.0
2024-03-12 02:00:00,34.4,2275.0,117.02691000000002,213.0,217.0,257.0
2024-03-12 03:00:00,34.5,2229.0,114.66065160000002,207.0,210.0,342.0
2024-03-12 04:00:00,34.5,2183.0,112.29439320000002,200.0,204.0,330.0
2024-03-12 05:00:00,34.8,2043.0,105.09273720000002,185.0,189.0,314.0
2024-03-12 06:00:00,34.0,1776.0,91.35815040000001,162.0,171.0,273.0
2024-03-12 07:00:00,34.4,1835.0,94.393134,173.0,177.0,277.0
2024-03-12 08:00:00,34.9,1839.0,94.5988956,176.0,180.0,289.0
2024-03-12 09:00:00,35.0,1384.0,71.1935136,179.0,180.0,161.0
2024-03-12 10:00:00,35.0,1315.0,67.644126,185.0,186.0,166.0
2024-03-12 11:00:00,34.7,1665.0,85.648266,188.0,188.0,173.0
2024-03-12 12:00:00,34.6,1716.0,88.2717264,192.0,192.0,172.0
2024-03-12 13:00:00,34.8,1337.0,68.7758148,197.0,196.0,173.0
2024-03-12 14:00:00,34.8,1381.0,71.0391924,199.0,192.0,175.0
2024-03-12 15:00:00,34.4,1631.0,83.89929240000001,197.0,200.0,173.0
2024-03-12 16:00:00,34.4,1944.0,100.00013760000002,197.0,205.0,327.0
2024-03-12 17:00:00,34.8,2028.0,104.32113120000002,203.0,208.0,352.0
2024-03-12 18:00:00,33.4,2440.0,125.514576,182.0,189.0,422.0
2024-03-12 19:00:00,34.1,2575.0,132.45903,192.0,200.0,441.0
2024-03-12 20:00:00,34.7,2636.0,135.5968944,192.0,205.0,452.0
2024-03-12 21:00:00,34.2,2617.0,134.61952680000002,192.0,204.0,450.0
2024-03-12 22:00:00,34.3,2516.0,129.4240464,182.0,196.0,432.0
2024-03-12 23:00:00,34.7,2369.0,121.86230760000001,173.0,184.0,404.0
2024-03-13 00:00:00,34.8,2343.0,120.5248572,211.0,223.0,382.0
2024-03-13 01:00:00,35.0,2303.0,118.4672412,206.0,216.0,365.0
2024-03-13 02:00:00,35.2,2229.0,114.66065160000002,200.0,209.0,352.0
2024-03-13 03:00:00,35.1,2153.0,110.7511812,192.0,201.0,339.0
2024-03-13 04:00:00,35.0,2078.0,106.8931512,185.0,195.0,325.0
2024-03-13 05:00:00,34.9,2004.0,103.08656160000001,176.0,186.0,311.0
2024-03-13 06:00:00,34.8,1821.0,93.6729684,166.0,174.0,287.0
2024-03-13 07:00:00,34.7,1837.0,94.49601480000001,166.0,177.0,281.0
2024-03-13 08:00:00,34.4,1902.0,97.83964080000001,179.0,186.0,289.0
2024-03-13 09:00:00,34.4,1957.0,100.6688628,185.0,194.0,301.0
2024-03-13 10:00:00,34.2,1989.0,102.31495560000002,188.0,198.0,307.0
2024-03-13 11:00:00,34.3,1974.0,101.54334960000001,197.0,205.0,318.0
2024-03-13 12:00:00,34.0,2034.0,104.62977360000002,197.0,207.0,325.0
2024-03-13 13:00:00,34.4,2176.0,111.93431040000002,197.0,207.0,329.0
2024-03-13 14:00:00,34.2,2193.0,112.80879720000001,200.0,211.0,330.0
2024-03-13 15:00:00,34.3,2181.0,112.19151240000002,203.0,213.0,307.0
2024-03-13 16:00:00,34.8,2195.0,112.91167800000002,203.0,218.0,337.0
2024-03-13 17:00:00,35.3,1682.0,86.5227528,192.0,190.0,151.0
2024-03-13 18:00:00,34.5,1977.0,101.69767080000001,225.0,222.0,169.0
2024-03-13 19:00:00,34.2,2432.0,125.1030528,245.0,246.0,305.0
2024-03-13 20:00:00,34.0,2888.0,148.55987520000002,265.0,270.0,442.0
2024-03-13 21:00:00,34.3,2737.0,140.7923748,249.0,255.0,417.0
2024-03-13 22:00:00,34.5,2587.0,133.07631480000003,234.0,241.0,394.0
2024-03-13 23:00:00,35.0,2438.0,125.4116952,219.0,227.0,371.0
2024-03-14 00:00:00,35.2,2394.0,130.61185200000003,217.0,224.0,357.0
2024-03-14 01:00:00,35.1,2374.0,129.52069200000003,214.0,220.0,351.0
2024-03-14 02:00:00,35.2,2322.0,126.68367600000002,206.0,214.0,342.0
2024-03-14 03:00:00,35.3,2285.0,124.66503000000003,200.0,206.0,334.0
2024-03-14 04:00:00,35.6,2252.0,122.86461600000001,197.0,203.0,323.0
2024-03-14 05:00:00,34.5,1899.0,103.60564200000002,173.0,177.0,291.0
2024-03-14 06:00:00,34.5,1808.0,98.64086400000002,162.0,168.0,281.0
2024-03-14 07:00:00,34.3,1957.0,103.71943440000001,166.0,181.0,281.0
2024-03-14 08:00:00,33.9,2014.0,106.7403888,173.0,185.0,291.0
2024-03-14 09:00:00,34.0,2060.0,105.967224,182.0,193.0,301.0
2024-03-14 10:00:00,34.5,2094.0,107.71619760000002,185.0,197.0,307.0
2024-03-14 11:00:00,34.5,2097.0,107.8705188,188.0,200.0,316.0
2024-03-14 12:00:00,35.2,2144.0,110.28821760000002,192.0,207.0,323.0
2024-03-14 13:00:00,35.2,2024.0,107.2703808,192.0,212.0,327.0
2024-03-14 14:00:00,35.1,2181.0,115.5912552,197.0,217.0,327.0
2024-03-14 15:00:00,35.1,2214.0,117.3402288,200.0,217.0,332.0
2024-03-14 17:00:00,34.5,2127.0,112.7292984,185.0,207.0,321.0
2024-03-14 18:00:00,34.1,2599.0,137.74492080000002,237.0,259.0,395.0
2024-03-14 19:00:00,34.0,2735.0,140.68949400000002,206.0,226.0,425.0
2024-03-14 20:00:00,35.2,2827.0,145.4220108,219.0,236.0,441.0
2024-03-14 21:00:00,35.5,1844.0,97.73052480000001,188.0,207.0,361.0
2024-03-14 22:00:00,35.0,1918.0,101.6524656,173.0,186.0,359.0
2024-03-14 23:00:00,34.8,1858.0,98.47251360000001,169.0,172.0,351.0
2024-03-15 00:00:00,34.8,1867.0,101.85978600000001,162.0,166.0,331.0
2024-03-15 01:00:00,34.5,1823.0,99.45923400000001,165.0,169.0,321.0
2024-03-15 02:00:00,34.5,1897.0,103.49652600000002,173.0,178.0,271.0
2024-03-15 03:00:00,34.1,1939.0,105.78796200000002,182.0,191.0,281.0
2024-03-15 04:00:00,34.4,1943.0,101.00244600000002,179.0,191.0,285.0
2024-03-15 05:00:00,34.4,1877.0,102.40536600000001,173.0,186.0,279.0
2024-03-15 06:00:00,34.7,1639.0,89.42056200000002,159.0,169.0,258.0
2024-03-15 07:00:00,34.2,1598.0,87.18368400000001,155.0,163.0,247.0
2024-03-15 08:00:00,33.4,1635.0,86.653692,166.0,175.0,262.0
2024-03-15 09:00:00,33.3,1775.0,94.07358,173.0,184.0,277.0
2024-03-15 10:00:00,33.8,1792.0,92.18119680000001,179.0,192.0,291.0
2024-03-15 11:00:00,33.8,1932.0,99.38285280000001,185.0,202.0,311.0
2024-03-15 12:00:00,33.9,2015.0,103.65240600000001,188.0,202.0,316.0
2024-03-15 13:00:00,33.7,2073.0,106.6359492,194.0,207.0,323.0
2024-03-15 14:00:00,34.5,1931.0,99.33141240000002,192.0,207.0,327.0
2024-03-15 15:00:00,34.0,2049.0,108.59536080000001,196.0,216.0,331.0
2024-03-15 16:00:00,34.1,2154.0,114.1602768,206.0,221.0,339.0
2024-03-15 17:00:00,33.9,2209.0,113.6318436,209.0,226.0,354.0
2024-03-15 18:00:00,34.1,2543.0,130.81293720000002,235.0,256.0,389.0
2024-03-15 19:00:00,34.2,2700.0,138.88908,249.0,267.0,409.0
2024-03-15 20:00:00,34.0,2780.0,143.00431200000003,251.0,275.0,422.0
2024-03-15 21:00:00,34.1,2783.0,143.1586332,251.0,271.0,425.0
2024-03-15 22:00:00,34.3,2673.0,141.6668616,240.0,259.0,411.0
2024-03-15 23:00:00,34.9,2503.0,132.6569976,227.0,243.0,380.0
2024-03-16 00:00:00,34.9,2405.0,127.463076,217.0,235.0,371.0
2024-03-16 01:00:00,34.3,2375.0,129.57525000000004,211.0,226.0,359.0
2024-03-16 02:00:00,34.4,2251.0,122.81005800000003,205.0,215.0,336.0
2024-03-16 03:00:00,34.4,2191.0,119.53657800000002,194.0,207.0,327.0
2024-03-16 04:00:00,34.6,1977.0,107.86116600000003,185.0,186.0,295.0
2024-03-16 05:00:00,35.3,1856.0,101.25964800000001,162.0,175.0,281.0
2024-03-16 06:00:00,34.8,1831.0,99.32486544,162.0,175.0,281.0
2024-03-16 07:00:00,34.5,1947.0,104.7069342,169.0,181.0,291.0
2024-03-16 08:00:00,33.9,2024.0,106.95487968,179.0,191.0,311.0
2024-03-16 09:00:00,34.2,2113.0,112.64605848,185.0,202.0,323.0
2024-03-16 10:00:00,34.5,2151.0,115.67776860000001,194.0,207.0,330.0
2024-03-16 11:00:00,34.4,2192.0,117.54100223999998,194.0,207.0,344.0
2024-03-16 13:00:00,34.6,2212.0,119.30306976,201.0,220.0,355.0
2024-03-16 14:00:00,34.9,2293.0,124.74406116,206.0,221.0,357.0
2024-03-16 15:00:00,34.9,2305.0,125.39688660000002,206.0,226.0,362.0
2024-03-16 16:00:00,34.9,2115.0,115.06048380000001,203.0,221.0,359.0
2024-03-16 17:00:00,35.1,2231.0,122.06666627999999,203.0,226.0,359.0
2024-03-16 18:00:00,34.1,2594.0,137.88427751999998,237.0,259.0,401.0
2024-03-16 19:00:00,34.1,2703.0,143.67818124,249.0,271.0,418.0
2024-03-16 20:00:00,34.0,2798.0,148.2917616,260.0,282.0,435.0
2024-03-16 21:00:00,34.2,2687.0,143.24654952,251.0,269.0,419.0
2024-03-16 22:00:00,34.3,2652.0,141.79405968,242.0,251.0,411.0
2024-03-16 23:00:00,34.6,2701.0,145.67703048,225.0,251.0,391.0
2024-03-17 00:00:00,34.9,2654.0,144.38322648000002,219.0,247.0,376.0
2024-03-17 01:00:00,35.0,2549.0,139.06834200000003,211.0,235.0,360.0
2024-03-17 02:00:00,35.1,2377.0,130.05489276,205.0,222.0,342.0
2024-03-17 03:00:00,35.1,2289.0,125.24007132,201.0,210.0,331.0
2024-03-17 04:00:00,35.3,2255.0,124.08281819999998,194.0,212.0,329.0
2024-03-17 05:00:00,35.6,2179.0,120.91985712,185.0,202.0,323.0
2024-03-17 06:00:00,35.2,2118.0,116.21415168000001,179.0,197.0,312.0
2024-03-17 07:00:00,35.1,2165.0,118.4555502,185.0,207.0,318.0
2024-03-17 08:00:00,34.8,2270.0,123.13896480000001,192.0,212.0,321.0
2024-03-17 09:00:00,34.6,2542.0,137.10144816,197.0,217.0,330.0
2024-03-17 10:00:00,34.5,2651.0,142.5670686,203.0,224.0,346.0
2024-03-17 11:00:00,34.3,2707.0,144.73473588000002,209.0,226.0,354.0
2024-03-17 12:00:00,33.9,2805.0,148.2255126,214.0,235.0,370.0
2024-03-17 13:00:00,34.4,2936.0,157.43630592,222.0,243.0,385.0
2024-03-17 14:00:00,33.7,2994.0,157.27949064,227.0,251.0,395.0
2024-03-17 15:00:00,33.7,2976.0,156.33392256000002,225.0,247.0,392.0
2024-03-17 16:00:00,33.9,2907.0,153.61553124,222.0,243.0,379.0
2024-03-17 17:00:00,34.0,2881.0,152.69069520000002,230.0,251.0,391.0
2024-03-17 18:00:00,33.4,2966.0,154.42158672,256.0,286.0,427.0
2024-03-17 19:00:00,33.2,3046.0,157.63707936,265.0,293.0,433.0
2024-03-17 20:00:00,33.2,3033.0,156.96430128000003,267.0,296.0,451.0
2024-03-17 21:00:00,33.8,2899.0,152.74088855999997,256.0,282.0,429.0
2024-03-17 22:00:00,33.9,2803.0,148.11982596,250.0,264.0,416.0
2024-03-17 23:00:00,34.1,2704.0,143.73133632,246.0,252.0,401.0
2024-03-18 00:00:00,34.2,2415.0,128.74596839999998,227.0,247.0,279.0
2024-03-18 01:00:00,34.4,2422.0,129.87422784,217.0,240.0,295.0
2024-03-18 02:00:00,34.6,2408.0,129.87422784,202.0,235.0,307.0
2024-03-18 03:00:00,34.8,2401.0,130.24522224,197.0,221.0,329.0
2024-03-18 04:00:00,34.8,2298.0,124.65785952,189.0,202.0,303.0
2024-03-18 05:00:00,34.7,2220.0,120.08059920000001,173.0,196.0,293.0
2024-03-18 06:00:00,34.7,2072.0,112.07522592000001,162.0,181.0,283.0
2024-03-18 07:00:00,33.7,2123.0,111.52450188000002,169.0,191.0,283.0
2024-03-18 08:00:00,33.6,2201.0,115.27887168000001,179.0,202.0,291.0
2024-03-18 09:00:00,33.6,2275.0,119.154672,188.0,207.0,303.0
2024-03-18 17:00:00,33.1,2730.0,140.8578444,227.0,256.0,373.0
2024-03-18 18:00:00,33.3,2998.0,155.62030391999997,262.0,289.0,430.0
2024-03-18 19:00:00,33.0,3193.0,164.24919720000003,277.0,306.0,454.0
2024-03-18 20:00:00,33.2,3304.0,170.98913664000003,283.0,311.0,457.0
2024-03-18 21:00:00,33.3,2763.0,143.42191451999997,258.0,267.0,422.0
2024-03-18 22:00:00,33.4,2866.0,149.21519472,249.0,275.0,412.0
2024-03-18 23:00:00,33.5,2832.0,147.88647360000002,237.0,259.0,391.0
2024-03-19 00:00:00,33.5,2725.0,142.298955,227.0,251.0,376.0
2024-03-19 01:00:00,33.7,2688.0,141.20483328,225.0,247.0,367.0
2024-03-19 02:00:00,33.9,2608.0,137.81537856,217.0,239.0,358.0
2024-03-19 03:00:00,34.6,2543.0,137.15538264,202.0,225.0,334.0
2024-03-19 04:00:00,34.8,2400.0,130.190976,195.0,207.0,309.0
2024-03-19 05:00:00,35.0,2240.0,122.20992000000003,176.0,197.0,299.0
2024-03-19 06:00:00,35.0,2190.0,119.48202000000003,176.0,197.0,296.0
2024-03-19 07:00:00,34.9,2061.0,112.12276932000002,176.0,197.0,285.0
2024-03-19 08:00:00,34.8,1823.0,98.89089551999999,176.0,196.0,281.0
2024-03-19 09:00:00,33.9,1508.0,79.68772656,151.0,175.0,256.0
2024-03-19 10:00:00,33.9,1732.0,91.52463024,166.0,181.0,269.0
2024-03-19 11:00:00,33.5,1820.0,95.040036,169.0,186.0,271.0
2024-03-19 12:00:00,33.1,2028.0,104.63725584000001,173.0,191.0,285.0
2024-03-19 13:00:00,33.7,2196.0,115.35930576000001,185.0,202.0,301.0
2024-03-19 14:00:00,33.4,2220.0,115.58190239999999,185.0,202.0,303.0
2024-03-19 15:00:00,33.9,2267.0,119.79580644,187.0,205.0,311.0
2024-03-19 16:00:00,34.2,2316.0,123.46818335999998,192.0,207.0,316.0
2024-03-19 17:00:00,33.7,2582.0,135.63648792,209.0,235.0,344.0
2024-03-19 18:00:00,33.4,2796.0,145.57072032000002,232.0,259.0,383.0
2024-03-19 19:00:00,33.2,2956.0,152.97938496,249.0,278.0,391.0
2024-03-19 20:00:00,33.3,3046.0,158.11188984,256.0,282.0,403.0
2024-03-19 21:00:00,33.2,2939.0,152.09959824,251.0,275.0,400.0
2024-03-19 22:00:00,33.4,2807.0,146.14342344,231.0,259.0,374.0
2024-03-19 23:00:00,33.7,2705.0,142.0978698,222.0,243.0,360.0
2024-03-20 00:00:00,33.9,2572.0,135.91301904,211.0,235.0,346.0
2024-03-20 01:00:00,33.9,2545.0,134.4862494,206.0,230.0,334.0
2024-03-20 02:00:00,34.2,2438.0,129.97212048,194.0,217.0,312.0
2024-03-20 03:00:00,34.2,2415.0,128.7459684,192.0,217.0,309.0
2024-03-20 04:00:00,34.2,2396.0,127.73306016,192.0,212.0,301.0
2024-03-20 05:00:00,34.8,2137.0,115.92421488,166.0,186.0,275.0
2024-03-20 06:00:00,35.1,1918.0,104.94122184,151.0,169.0,251.0
2024-03-20 07:00:00,34.5,1978.0,106.3740708,155.0,175.0,249.0
2024-03-20 08:00:00,34.1,2091.0,111.14727228,175.0,181.0,267.0
2024-03-20 09:00:00,33.6,2122.0,111.14119296000001,179.0,189.0,281.0
2024-03-20 10:00:00,33.6,2140.0,112.08395520000002,188.0,194.0,291.0
2024-03-20 11:00:00,33.7,2162.0,113.57323272000002,188.0,197.0,301.0
2024-03-20 12:00:00,33.8,2272.0,119.70586368,194.0,204.0,305.0
2024-03-20 13:00:00,33.4,2304.0,119.95527168000001,200.0,210.0,314.0
2024-03-20 14:00:00,33.4,2364.0,123.07910688000001,203.0,213.0,321.0
2024-03-20 15:00:00,33.5,2394.0,125.0142012,206.0,216.0,330.0
2024-03-20 16:00:00,33.5,2415.0,126.110817,209.0,218.0,323.0
2024-03-20 17:00:00,34.0,2633.0,139.5468936,225.0,234.0,367.0
2024-03-20 18:00:00,33.4,2853.0,148.53836376,249.0,258.0,397.0
2024-03-20 19:00:00,33.2,3075.0,159.13789200000002,267.0,278.0,434.0
2024-03-20 20:00:00,33.3,3161.0,164.08131443999997,269.0,281.0,445.0
2024-03-20 21:00:00,34.1,2464.0,130.97411712,258.0,264.0,421.0
2024-03-20 22:00:00,34.2,2376.0,126.66684096,247.0,252.0,404.0
2024-03-20 23:00:00,34.2,2260.0,120.48276960000001,235.0,239.0,383.0
2024-03-21 00:00:00,34.2,2182.0,116.32451472,225.0,230.0,367.0
2024-03-21 01:00:00,34.4,2103.0,112.76858016,214.0,218.0,351.0
2024-03-21 02:00:00,34.5,2067.0,111.1603662,209.0,214.0,337.0
2024-03-21 03:00:00,34.5,2019.0,108.5789934,200.0,205.0,329.0
2024-03-21 04:00:00,34.5,1862.0,100.13575320000001,183.0,191.0,305.0
2024-03-21 05:00:00,34.7,1706.0,92.27815416000001,169.0,176.0,283.0
2024-03-21 06:00:00,34.9,1606.0,87.36980472000002,162.0,169.0,273.0
2024-03-21 07:00:00,34.2,1645.0,87.69652919999999,166.0,175.0,275.0
2024-03-21 08:00:00,34.0,1714.0,90.8406288,176.0,184.0,291.0
2024-03-21 09:00:00,33.8,1738.0,91.57077071999998,179.0,200.0,305.0
2024-03-21 10:00:00,33.7,1689.0,88.72580484000001,180.0,203.0,310.0
2024-03-21 17:00:00,33.4,1745.0,90.8515404,155.0,175.0,197.0
2024-03-21 18:00:00,34.0,2390.0,126.668088,244.0,257.0,408.0
2024-03-21 19:00:00,33.6,3203.0,167.75930304000002,262.0,278.0,447.0
2024-03-21 20:00:00,33.3,3329.0,172.80186515999998,273.0,288.0,451.0
2024-03-21 21:00:00,33.4,3261.0,169.78044312,271.0,281.0,450.0
2024-03-21 22:00:00,33.6,3078.0,161.21234304000004,262.0,272.0,430.0
2024-03-21 23:00:00,33.8,2931.0,154.42688663999996,247.0,257.0,415.0
2024-03-22 00:00:00,34.4,2674.0,143.38715328,232.0,241.0,392.0
2024-03-22 01:00:00,34.5,2603.0,139.9856958,176.0,188.0,371.0
2024-03-22 02:00:00,34.7,2546.0,137.71405656000002,169.0,181.0,363.0
2024-03-22 03:00:00,35.0,2466.0,134.540028,162.0,174.0,352.0
2024-03-22 04:00:00,35.1,2406.0,131.64159528,155.0,166.0,334.0
2024-03-22 05:00:00,35.1,1847.0,101.05653636,135.0,145.0,291.0
2024-03-22 06:00:00,34.9,1816.0,98.79424992,122.0,133.0,262.0
2024-03-22 07:00:00,34.4,1780.0,95.4484416,122.0,131.0,256.0
2024-03-22 08:00:00,34.3,1920.0,102.65633280000002,126.0,136.0,262.0
2024-03-22 09:00:00,34.5,1731.0,93.0907566,131.0,143.0,281.0
2024-03-22 10:00:00,33.8,1897.0,99.94807368,139.0,152.0,291.0
2024-03-22 11:00:00,34.6,2003.0,108.03076344,139.0,158.0,299.0
2024-03-22 12:00:00,34.1,2152.0,114.38973216,143.0,165.0,312.0
2024-03-22 13:00:00,34.1,2151.0,114.33657707999998,143.0,168.0,318.0
2024-03-22 14:00:00,34.0,2110.0,111.82831200000001,143.0,165.0,320.0
2024-03-22 15:00:00,34.1,2167.0,115.18705836,147.0,167.0,327.0
2024-03-22 16:00:00,34.1,2188.0,116.30331503999999,151.0,171.0,332.0
2024-03-22 17:00:00,34.6,2347.0,126.58422456,162.0,181.0,339.0
2024-03-22 18:00:00,34.0,2714.0,143.8398288,185.0,205.0,401.0
2024-03-22 19:00:00,33.9,2835.0,149.81081220000002,194.0,213.0,410.0
2024-03-22 20:00:00,33.9,2843.0,150.23355876,217.0,218.0,425.0
2024-03-23 01:00:00,33.8,2147.0,113.11993368,155.0,170.0,289.0
2024-03-23 02:00:00,33.9,2217.0,117.15364044,194.0,205.0,329.0
2024-03-23 03:00:00,34.6,2237.0,120.65143176000001,194.0,203.0,327.0
2024-03-23 04:00:00,34.6,461.0,24.86379528,169.0,164.0,114.0
2024-03-23 05:00:00,34.8,811.0,43.99370064,176.0,184.0,204.0
2024-03-23 06:00:00,33.7,758.0,39.818922480000005,169.0,177.0,197.0
2024-03-23 07:00:00,33.6,1936.0,101.39931648000002,179.0,190.0,295.0
2024-03-23 08:00:00,35.5,2097.0,116.04252779999999,179.0,202.0,316.0
2024-03-23 09:00:00,34.7,2289.0,123.81283404000001,192.0,212.0,339.0
2024-03-23 10:00:00,34.4,2387.0,127.99743264,192.0,217.0,344.0
2024-03-23 11:00:00,34.3,2437.0,130.29868908000003,203.0,221.0,349.0
2024-03-23 12:00:00,34.1,2431.0,129.21999947999998,203.0,226.0,357.0
2024-03-23 13:00:00,34.5,2467.0,132.67180620000002,215.0,235.0,362.0
2024-03-23 18:00:00,34.7,1399.0,75.67241364,240.0,232.5,536.0
2024-03-23 19:00:00,34.4,1907.0,102.25852703999999,214.0,230.0,249.0
2024-03-23 20:00:00,33.5,2972.0,155.19724560000003,247.0,275.0,339.0
2024-03-23 21:00:00,33.3,3127.0,162.31644107999998,251.0,278.0,425.0
2024-03-23 22:00:00,33.8,2942.0,155.00644848,240.0,253.0,411.0
2024-03-23 23:00:00,34.0,2746.0,145.5358032,219.0,243.0,377.0
2024-03-24 00:00:00,34.0,2674.0,141.7198608,214.0,239.0,361.0
2024-03-24 01:00:00,33.9,2531.0,133.74644292,211.0,225.0,345.0
2024-03-24 02:00:00,33.8,2513.0,132.40353671999998,200.0,221.0,337.0
2024-03-24 03:00:00,34.0,2424.0,128.4700608,192.0,215.0,319.0
2024-03-24 04:00:00,34.2,2337.0,124.58771352,185.0,205.0,309.0
2024-03-24 05:00:00,34.7,2273.0,122.94738828000001,176.0,197.0,303.0
2024-03-24 06:00:00,34.7,2228.0,120.51332208,173.0,191.0,301.0
2024-03-24 07:00:00,34.5,2255.0,121.27074300000001,176.0,197.0,301.0
2024-03-24 08:00:00,34.6,2300.0,124.049304,185.0,202.0,316.0
2024-03-24 09:00:00,34.6,2322.0,125.23586256,188.0,212.0,321.0
2024-03-24 10:00:00,34.3,2399.0,128.26694916,197.0,217.0,334.0
2024-03-24 11:00:00,34.0,2427.0,128.62905840000002,197.0,226.0,357.0
2024-03-24 12:00:00,34.4,2504.0,134.27129088,203.0,230.0,374.0
2024-03-24 13:00:00,34.1,2580.0,137.14010639999998,209.0,239.0,384.0
2024-03-24 14:00:00,34.3,2602.0,139.12071767999998,147.0,197.0,395.0
2024-03-24 15:00:00,34.1,2682.0,142.56192455999997,203.0,230.0,395.0
2024-03-24 16:00:00,34.6,2619.0,141.25440311999998,203.0,226.0,377.0
2024-03-24 17:00:00,35.0,2613.0,142.56005400000004,200.0,221.0,370.0
2024-03-24 18:00:00,34.1,2913.0,154.84074803999997,227.0,256.0,404.0
2024-03-24 19:00:00,33.9,3005.0,158.7941766,244.0,271.0,417.0
2024-03-24 20:00:00,33.7,3100.0,162.84783600000003,251.0,278.0,429.0
2024-03-24 21:00:00,34.2,2926.0,155.98786896,246.0,251.0,410.0
2024-03-24 22:00:00,34.5,2797.0,150.41874420000002,229.0,232.0,365.0
2024-03-24 23:00:00,34.9,2746.0,149.38822152,219.0,247.0,386.0
2024-03-25 00:00:00,35.1,2655.0,145.2653514,211.0,232.0,361.0
2024-03-25 01:00:00,34.5,2598.0,139.7168028,206.0,225.0,342.0
2024-03-25 02:00:00,34.9,2540.0,138.18138480000002,195.0,215.0,331.0
2024-03-25 03:00:00,35.0,2483.0,135.46751400000002,191.0,206.0,322.0
2024-03-25 04:00:00,35.1,2412.0,131.96987856,185.0,195.0,319.0
2024-03-25 05:00:00,35.3,2319.0,127.60445915999998,173.0,191.0,316.0
2024-03-25 06:00:00,35.4,2039.0,112.51511928000002,155.0,175.0,281.0
2024-03-25 07:00:00,34.9,2060.0,112.06836720000001,159.0,181.0,279.0
2024-03-25 08:00:00,34.3,2190.0,117.09237960000002,169.0,191.0,295.0
2024-03-25 09:00:00,34.3,2244.0,119.97958896000002,176.0,197.0,305.0
2024-03-25 10:00:00,34.1,2295.0,121.99090859999998,182.0,207.0,307.0
2024-03-25 11:00:00,34.4,2241.0,120.16851552,188.0,207.0,318.0
2024-03-25 12:00:00,34.1,2283.0,121.35304763999999,188.0,212.0,325.0
2024-03-25 13:00:00,33.9,2365.0,124.9744518,200.0,226.0,334.0
2024-03-25 14:00:00,34.1,2193.0,116.56909043999998,159.0,181.0,235.0
2024-03-25 15:00:00,34.0,2481.0,135.0,175.0,189.0,292.0
2024-03-25 16:00:00,33.9,2565.0,135.5431158,189.0,200.0,311.0
2024-03-25 17:00:00,34.0,2639.0,139.86488880000002,200.0,235.0,360.0
2024-03-25 22:00:00,33.9,1916.0,101.24780111999999,206.0,221.0,295.0
2024-03-25 23:00:00,34.7,1832.0,99.09353952,214.0,226.0,267.0
2024-03-26 00:00:00,34.3,2692.0,143.93273328,203.0,230.0,342.0
2024-03-26 01:00:00,34.3,2659.0,142.16832756000002,200.0,226.0,354.0
2024-03-26 02:00:00,34.8,2574.0,139.62982176000003,192.0,217.0,334.0
2024-03-26 03:00:00,34.9,2554.0,138.94301448000002,188.0,215.0,331.0
2024-03-26 04:00:00,34.9,2536.0,137.96377632000002,185.0,212.0,329.0
2024-03-26 05:00:00,35.0,2244.0,122.42815200000001,166.0,186.0,309.0
2024-03-26 06:00:00,34.8,2174.0,117.93132576000001,162.0,181.0,303.0
2024-03-26 07:00:00,34.0,2177.0,115.37925840000001,166.0,186.0,295.0
2024-03-26 14:00:00,33.6,1946.0,101.92307328000001,139.0,176.0,297.0
2024-03-26 15:00:00,32.9,2409.0,123.54440868,194.0,217.0,346.0
2024-03-26 16:00:00,33.4,2571.0,133.85633832,211.0,235.0,367.0
2024-03-26 17:00:00,33.4,2653.0,138.12557976,225.0,247.0,379.0
2024-03-26 18:00:00,32.6,3053.0,155.14393464000003,256.0,282.0,423.0
2024-03-26 19:00:00,32.4,3255.0,164.39416559999998,273.0,300.0,450.0
2024-03-26 20:00:00,32.8,3250.0,166.16807999999997,279.0,310.0,469.0
2024-03-26 21:00:00,32.9,3182.0,163.18734264,275.0,303.0,461.0
2024-03-26 22:00:00,33.3,3088.0,160.29202752,269.0,289.0,448.0
2024-03-26 23:00:00,33.5,3002.0,156.7638396,254.0,273.0,426.0
2024-03-27 00:00:00,33.7,2869.0,150.71304564000002,236.0,256.0,387.0
2024-03-27 01:00:00,33.9,2808.0,148.38404255999998,225.0,247.0,380.0
2024-03-27 02:00:00,34.1,2772.0,147.34588175999997,222.0,232.0,373.0
2024-03-27 03:00:00,34.2,2696.0,143.72634816,214.0,227.0,364.0
2024-03-27 04:00:00,34.3,2598.0,138.90685032,202.0,219.0,352.0
2024-03-27 05:00:00,34.5,2437.0,131.0584482,194.0,212.0,334.0
2024-03-27 06:00:00,34.2,2334.0,124.42778064,187.0,207.0,326.0
2024-03-27 07:00:00,33.6,2183.0,114.33610944000002,182.0,202.0,301.0
2024-03-27 08:00:00,33.5,2335.0,121.933233,188.0,212.0,318.0
2024-03-27 09:00:00,33.5,2385.0,124.544223,197.0,217.0,321.0
2024-03-27 10:00:00,33.6,1941.0,101.66119488000001,203.0,207.0,329.0
2024-03-27 11:00:00,33.9,1959.0,103.52006388000001,200.0,217.0,339.0
2024-03-27 12:00:00,33.5,2449.0,127.88629019999999,203.0,226.0,346.0
2024-03-27 13:00:00,33.8,2498.0,131.61322511999998,209.0,230.0,349.0
2024-03-27 17:00:00,34.0,2397.0,127.03908240000001,169.0,207.0,337.0
2024-03-27 18:00:00,33.9,2881.0,152.24160492,227.0,251.0,410.0
2024-03-27 19:00:00,33.7,3045.0,159.95860020000003,222.0,241.0,443.0
2024-03-27 20:00:00,33.4,3242.0,168.79122863999999,275.0,303.0,456.0
2024-03-27 21:00:00,33.5,3203.0,167.2600194,271.0,303.0,457.0
2024-03-27 22:00:00,34.0,3045.0,161.382564,260.0,289.0,442.0
2024-03-27 23:00:00,34.2,2920.0,155.6680032,249.0,271.0,422.0
2024-03-28 00:00:00,34.3,2871.0,153.50329764,240.0,267.0,408.0
2024-03-28 01:00:00,34.3,2769.0,148.04967996000002,237.0,259.0,391.0
2024-03-28 02:00:00,34.4,2672.0,143.27990784,232.0,247.0,378.0
2024-03-28 03:00:00,34.5,2542.0,136.7052012,202.0,235.0,355.0
2024-03-28 04:00:00,34.5,2442.0,131.3273412,196.0,217.0,339.0
2024-03-28 05:00:00,34.6,2236.0,120.59749728,182.0,202.0,320.0
2024-03-28 06:00:00,34.2,2253.0,120.10959288,179.0,200.0,322.0
2024-03-28 07:00:00,34.0,2268.0,120.2021856,183.0,214.0,325.0
2024-03-28 08:00:00,33.9,2285.0,120.7469862,194.0,217.0,325.0
2024-03-28 09:00:00,33.9,2286.0,120.79982952,197.0,217.0,327.0
2024-03-28 10:00:00,33.9,2284.0,120.69414287999999,197.0,217.0,325.0
2024-03-28 11:00:00,33.8,2312.0,121.81336128,200.0,221.0,344.0
2024-03-28 12:00:00,33.8,2328.0,122.65636031999999,203.0,226.0,352.0
2024-03-28 13:00:00,33.7,2379.0,124.97258124000001,214.0,239.0,360.0
2024-03-28 14:00:00,33.7,2381.0,125.07764436,217.0,239.0,360.0
2024-03-28 15:00:00,33.5,2428.0,126.78967440000001,214.0,235.0,362.0
2024-03-28 16:00:00,33.8,2566.0,135.19597104,214.0,239.0,362.0
2024-03-28 17:00:00,33.5,2823.0,147.41649540000003,240.0,267.0,403.0
2024-03-28 18:00:00,33.6,2884.0,151.05146112000003,249.0,278.0,414.0
2024-03-28 19:00:00,33.7,2944.0,154.65291264,209.0,239.0,434.0
2024-03-28 20:00:00,34.2,3088.0,164.62424448,211.0,243.0,435.0
2024-03-28 21:00:00,35.0,2858.0,155.92676400000005,206.0,235.0,412.0
2024-03-28 22:00:00,34.8,2753.0,149.33989872,192.0,217.0,392.0
2024-03-28 23:00:00,34.8,2677.0,145.21718448000001,188.0,212.0,386.0
2024-03-29 00:00:00,35.1,2629.0,143.84279052,182.0,207.0,380.0
2024-03-29 01:00:00,35.1,2560.0,140.06753279999998,179.0,193.0,369.0
2024-03-29 02:00:00,35.3,2487.0,136.84876667999998,173.0,185.0,353.0
2024-03-29 03:00:00,35.4,2429.0,134.03591208,164.0,176.0,345.0
2024-03-29 04:00:00,35.4,2358.0,130.11802416,159.0,166.0,323.0
2024-03-29 05:00:00,35.5,2269.0,125.5605606,147.0,169.0,311.0
2024-03-29 06:00:00,35.7,2116.0,117.75362256,135.0,156.0,295.0
2024-03-29 07:00:00,35.4,2173.0,119.90944296,143.0,158.0,309.0
2024-03-29 08:00:00,34.9,2276.0,123.81922512000003,151.0,165.0,327.0
2024-03-29 09:00:00,34.3,2377.0,127.09067868,159.0,175.0,351.0
2024-03-29 10:00:00,34.6,2431.0,131.11472088,162.0,180.0,365.0
2024-03-29 11:00:00,34.4,2505.0,134.3249136,192.0,199.0,379.0
2024-03-29 12:00:00,34.3,2506.0,133.98790104,203.0,221.0,385.0
2024-03-29 13:00:00,34.1,2541.0,135.06705827999997,211.0,230.0,392.0
2024-03-29 14:00:00,33.9,2545.0,134.4862494,211.0,231.0,394.0
2024-03-29 15:00:00,33.9,2579.0,136.28292228,211.0,228.0,385.0
2024-03-29 16:00:00,34.7,2519.0,136.25361684,200.0,219.0,371.0
2024-03-29 17:00:00,35.0,2570.0,140.21406000000002,200.0,218.0,371.0
2024-03-29 18:00:00,34.0,2885.0,152.902692,242.0,256.0,407.0
2024-03-29 19:00:00,34.1,2957.0,157.17957155999997,247.0,260.0,419.0
2024-03-29 20:00:00,33.8,3083.0,162.43537751999997,251.0,264.0,425.0
2024-03-29 21:00:00,33.8,3058.0,161.11819151999998,232.0,260.0,425.0
2024-03-29 22:00:00,33.9,2966.0,156.73328712,240.0,253.0,412.0
2024-03-29 23:00:00,34.3,2847.0,152.22009348,230.0,244.0,394.0
2024-03-30 00:00:00,34.7,2731.0,147.72077316000002,219.0,232.0,379.0
2024-03-30 01:00:00,35.0,2577.0,140.59596600000003,209.0,221.0,362.0
2024-03-30 02:00:00,35.0,2441.0,133.17607800000002,188.0,203.0,341.0
2024-03-30 03:00:00,35.2,2306.0,126.52966656000001,168.0,181.0,325.0
2024-03-30 04:00:00,35.4,2174.0,119.96462448,143.0,163.0,299.0
2024-03-30 05:00:00,35.5,2042.0,112.9989708,126.0,142.0,286.0
2024-03-30 06:00:00,35.5,2100.0,116.20853999999997,151.0,168.0,289.0
2024-03-30 07:00:00,35.1,2193.0,119.98753883999998,166.0,181.0,303.0
2024-03-30 08:00:00,34.7,2301.0,124.46191836000001,176.0,192.0,321.0
2024-03-30 09:00:00,34.6,2386.0,128.68766928,166.0,184.0,347.0
2024-03-30 10:00:00,34.6,2409.0,129.92816232,169.0,188.0,354.0
2024-03-30 11:00:00,34.1,2560.0,136.0770048,200.0,218.0,374.0
2024-03-30 12:00:00,34.0,2619.0,138.80490480000003,209.0,225.0,382.0
2024-03-30 13:00:00,33.8,2648.0,139.51634112,211.0,226.0,389.0
2024-03-30 14:00:00,33.7,2648.0,139.10357088,217.0,230.0,389.0
2024-03-30 15:00:00,33.7,2617.0,137.47509252000003,214.0,229.0,386.0
2024-03-30 16:00:00,34.1,2584.0,137.35272671999996,211.0,229.0,377.0
2024-03-30 17:00:00,34.0,2695.0,142.83284400000002,219.0,237.0,383.0
2024-03-30 18:00:00,33.8,2964.0,156.16557215999998,244.0,258.0,415.0
2024-03-30 19:00:00,33.6,3049.0,159.69344832000002,258.0,271.0,439.0
2024-03-30 20:00:00,33.7,3215.0,168.88896540000002,281.0,315.0,452.0
2024-03-30 22:00:00,33.8,2050.0,108.00925199999998,253.0,252.0,262.0
2024-03-30 23:00:00,34.0,2717.0,143.9988264,222.0,237.0,377.0
2024-03-31 00:00:00,34.3,2617.0,139.92272028000002,217.0,231.0,371.0
2024-03-31 01:00:00,34.4,2561.0,137.32778592,211.0,224.0,363.0
2024-03-31 02:00:00,34.5,2508.0,134.87672880000002,203.0,217.0,351.0
2024-03-31 03:00:00,34.5,2458.0,132.1877988,195.0,211.0,340.0
2024-03-31 04:00:00,34.6,2401.0,129.49668648,188.0,203.0,332.0
2024-03-31 05:00:00,35.3,2273.0,125.07327971999999,176.0,190.0,321.0
2024-03-31 06:00:00,34.8,2297.0,124.60361328000002,188.0,199.0,332.0
2024-03-31 07:00:00,34.7,2318.0,125.38145448,192.0,204.0,337.0
2024-03-31 08:00:00,34.7,2278.0,123.21784008,192.0,202.0,332.0
2024-03-31 09:00:00,34.7,2330.0,126.03053880000002,192.0,204.0,332.0
2024-03-31 10:00:00,34.5,2368.0,127.34772480000001,200.0,212.0,349.0
2024-03-31 11:00:00,34.2,2457.0,130.98502872,203.0,215.0,355.0
2024-03-31 12:00:00,33.5,2572.0,134.30932560000002,211.0,224.0,371.0
2024-03-31 13:00:00,33.4,2694.0,140.26020048,219.0,235.0,397.0
2024-03-31 14:00:00,34.5,2716.0,146.06267760000003,219.0,235.0,397.0
2024-03-31 15:00:00,34.3,2716.0,145.21593744,219.0,236.0,395.0
2024-03-31 16:00:00,34.1,2679.0,142.40245932,214.0,233.0,385.0
2024-03-31 17:00:00,34.3,2682.0,143.39806488,209.0,229.0,385.0
2024-03-31 18:00:00,33.7,2887.0,151.65861372,235.0,253.0,415.0
2024-03-31 19:00:00,33.6,3082.0,161.42184576000002,249.0,266.0,432.0
2024-03-31 20:00:00,33.4,3161.0,164.57405112,253.0,270.0,443.0
2024-03-31 21:00:00,33.7,2974.0,156.22885944,251.0,266.0,441.0
2024-03-31 22:00:00,33.8,2830.0,149.1054552,240.0,254.0,426.0
2024-03-31 23:00:00,34.0,2835.0,150.252732,222.0,239.0,412.0
2024-04-01 00:00:00,34.4,2670.0,143.1726624,209.0,226.0,379.0
2024-04-01 01:00:00,34.6,2605.0,140.4993204,203.0,219.0,370.0
2024-04-01 02:00:00,34.6,2578.0,139.04308944000002,200.0,216.0,365.0
2024-04-01 03:00:00,34.6,2507.0,135.21374136,192.0,208.0,354.0
2024-04-01 04:00:00,34.7,2418.0,130.79049048000002,182.0,197.0,337.0
2024-04-01 05:00:00,34.7,2299.0,124.35373764,172.0,186.0,321.0
2024-04-01 06:00:00,34.8,2181.0,118.31104944,162.0,175.0,305.0
2024-04-01 07:00:00,34.3,2289.0,122.38559676,173.0,184.0,320.0
